file	task	folder	file_name	db	qseqid	evalue	pident	qcovs	qgi	qacc	sseqid	sallseqid	sgi	sallgi	sacc	sallacc	qstart	qend	sstart	send	bitscore	score	length	nident	mismatch	positive	gapopen	gaps	ppos	frames	qframe	sframe	btop	staxids	sscinames	scomnames	sblastnames	sskingdoms	stitle	salltitles	sstrand	qcovhsp	qseq	sseq	qaccver	qlen	saccver	slen	contig_count	nt_aligned_seq	aa_aligned_seq	nt_orf_frame1	nt_orf_frame1_len	aa_orf_frame1	aa_orf_frame1_len	nt_orf_frame2	nt_orf_frame2_len	aa_orf_frame2	aa_orf_frame2_len	nt_orf_frame3	nt_orf_frame3_len	aa_orf_frame3	aa_orf_frame3_len	nt_orf_frame-1	nt_orf_frame-1_len	aa_orf_frame-1	aa_orf_frame-1_len	nt_orf_frame-2	nt_orf_frame-2_len	aa_orf_frame-2	aa_orf_frame-2_len	nt_orf_frame-3	nt_orf_frame-3_len	aa_orf_frame-3	aa_orf_frame-3_len	nt_longest_orf	nt_longest_orf_len	aa_longest_orf	aa_longest_orf_len
means the file origin of this line	means the task used	means the folder of origin from the query	means the query filename	means the database of the result	means Query Seq-id	means Expect value	means Percentage of identical matches	means Query Coverage Per Subject	means Query GI	means Query accesion	means Subject Seq-id	means All subject Seq-id(s), separated by a ';'	means Subject GI	means All subject GIs	means Subject accession	means All subject accessions	means Start of alignment in query	means End of alignment in query	means Start of alignment in subject	means End of alignment in subject	means Bit score	means Raw score	means Alignment length	means Number of identical matches	means Number of mismatches	means Number of positive-scoring matches	means Number of gap openings	means Total number of gap	means Percentage of positive-scoring matches	means Query and subject frames separated by a '/'	means Query frame	means Subject frame	means Blast traceback operations (BTOP)	means unique Subject Taxonomy ID(s), separated by a ';'(in numerical order)	means unique Subject Scientific Name(s), separated by a ';'	means unique Subject Common Name(s), separated by a ';'	means unique Subject Blast Name(s), separated by a ';' (in alphabetical order)	means unique Subject Super Kingdom(s), separated by a ';' (in alphabetical order)	means Subject Title	means All Subject Title(s), separated by a '<>'	means Subject Strand	means Query Coverage Per HSP	means Aligned part of query sequence	means Aligned part of subject sequence	means Query accesion.version	means Query sequence length	means Subject accession.version	means Subject sequence length	means number of results for this contig with less identity	means nucleotide alignment from db	means amino-acid alignment from db	means longest nucleotide on read frame1 alignment	means length of longest nucleotide on read frame1 alignment	means longest amino-acid on read frame1 alignment	means length of longest amino-acid on read frame1 alignment	means longest nucleotide on read frame2 alignment	means length of longest nucleotide on read frame2 alignment	means longest amino-acid on read frame2 alignment	means length of longest amino-acid on read frame2 alignment	means longest nucleotide on read frame3 alignment	means length of longest nucleotide on read frame3 alignment	means longest amino-acid on read frame3 alignment	means length of longest amino-acid on read frame3 alignment	means longest nucleotide on read frame-1 alignment	means length of longest nucleotide on read frame-1 alignment	means longest amino-acid on read frame-1 alignment	means length of longest amino-acid on read frame-1 alignment	means longest nucleotide on read frame-2 alignment	means length of longest nucleotide on read frame-2 alignment	means longest amino-acid on read frame-2 alignment	means length of longest amino-acid on read frame-2 alignment	means longest nucleotide on read frame-3 alignment	means length of longest nucleotide on read frame-3 alignment	means longest amino-acid on read frame-3 alignment	means length of longest amino-acid on read frame-3 alignment	means longest nucleotide orf in alignment	means length of longest nucleotide orf in alignment	means longest amino-acid orf in alignment	means length of longest amino-acid orf in alignment
tblastn#query#caffeic#fvesca_scaffolds.out	tblastn	query	caffeic	fvesca_scaffolds	fve:101294295	4e-59	100.00	100	0	fve:101294295	scf0513170	scf0513170	0	0	scf0513170	scf0513170	264	361	942844	943137	  213	541	98	98	0	98	0	0	100.00	0/1	0	1	98	N/A	N/A	N/A	N/A	N/A	scf0513170	scf0513170	N/A	27	WILHDWSDEHCLKLLKNCYNAIPDNGKVIVVEALLPVVPETSTAVKSTSQIDVLMMTQNPGGKERTEQEFIALATGAGFRGIRYECFVCNFWVMEFFK	WILHDWSDEHCLKLLKNCYNAIPDNGKVIVVEALLPVVPETSTAVKSTSQIDVLMMTQNPGGKERTEQEFIALATGAGFRGIRYECFVCNFWVMEFFK	fve:101294295	361	scf0513170	5155874	2418	tggatacttcatgactggagtgatgagcactgcttgaagctcctgaaaaattgttacaatgctataccagacaatggaaaagtaattgttgttgaagcacttcttccagttgtgcctgagactagcactgctgtgaagagcacctcccaaattgatgtgcttatgatgacacagaacccgggagggaaagagcggaccgaacaagaattcatagccttggcaactggtgctgggtttcgtggcatcagatatgaatgttttgtctgtaacttttgggttatggagttttttaag	WILHDWSDEHCLKLLKNCYNAIPDNGKVIVVEALLPVVPETSTAVKSTSQIDVLMMTQNPGGKERTEQEFIALATGAGFRGIRYECFVCNFWVMEFFK	atgatgacacagaacccgggagggaaagagcggaccgaacaagaattcatagccttggcaactggtgctgggtttcgtggcatcagatatgaatgttttgtctgtaacttttgggttatggagttttttaag	132	MMTQNPGGKERTEQEFIALATGAGFRGIRYECFVCNFWVMEFFK	44	atgaatgttttgtctgtaacttttgggttatggagtttttta	42	MNVLSVTFGLWSFL	14	""	0	""	0	""	0	""	0	atgccacgaaacccagcaccagttgccaaggctatgaattcttgttcggtccgctctttccctcccgggttctgtgtcatcataagcacatcaatttgggaggtgctcttcacagcagtgctagtctcaggcacaactggaagaagtgcttcaacaacaattacttttccattgtctggtatagcattgtaa	192	MPRNPAPVAKAMNSCSVRSFPPGFCVIISTSIWEVLFTAVLVSGTTGRSASTTITFPLSGIAL*	64	""	0	""	0	atgccacgaaacccagcaccagttgccaaggctatgaattcttgttcggtccgctctttccctcccgggttctgtgtcatcataagcacatcaatttgggaggtgctcttcacagcagtgctagtctcaggcacaactggaagaagtgcttcaacaacaattacttttccattgtctggtatagcattgtaa	192	MPRNPAPVAKAMNSCSVRSFPPGFCVIISTSIWEVLFTAVLVSGTTGRSASTTITFPLSGIAL*	64
tblastn#query#caffeic#fvesca_scaffolds.out	tblastn	query	caffeic	fvesca_scaffolds	fve:101294295	4e-59	100.00	100	0	fve:101294295	scf0513170b	scf0513170b	0	0	scf0513170b	scf0513170b	264	361	88406	88699	  213	541	98	98	0	98	0	0	100.00	0/2	0	2	98	N/A	N/A	N/A	N/A	N/A	scf0513170b	scf0513170b	N/A	27	WILHDWSDEHCLKLLKNCYNAIPDNGKVIVVEALLPVVPETSTAVKSTSQIDVLMMTQNPGGKERTEQEFIALATGAGFRGIRYECFVCNFWVMEFFK	WILHDWSDEHCLKLLKNCYNAIPDNGKVIVVEALLPVVPETSTAVKSTSQIDVLMMTQNPGGKERTEQEFIALATGAGFRGIRYECFVCNFWVMEFFK	fve:101294295	361	scf0513170b	973169	2318	tggatacttcatgactggagtgatgagcactgcttgaagctcctgaaaaattgttacaatgctataccagacaatggaaaagtaattgttgttgaagcacttcttccagttgtgcctgagactagcactgctgtgaagagcacctcccaaattgatgtgcttatgatgacacagaacccgggagggaaagagcggaccgaacaagaattcatagccttggcaactggtgctgggtttcgtggcatcagatatgaatgttttgtctgtaacttttgggttatggagttttttaag	WILHDWSDEHCLKLLKNCYNAIPDNGKVIVVEALLPVVPETSTAVKSTSQIDVLMMTQNPGGKERTEQEFIALATGAGFRGIRYECFVCNFWVMEFFK	atgatgacacagaacccgggagggaaagagcggaccgaacaagaattcatagccttggcaactggtgctgggtttcgtggcatcagatatgaatgttttgtctgtaacttttgggttatggagttttttaag	132	MMTQNPGGKERTEQEFIALATGAGFRGIRYECFVCNFWVMEFFK	44	atgaatgttttgtctgtaacttttgggttatggagtttttta	42	MNVLSVTFGLWSFL	14	""	0	""	0	""	0	""	0	atgccacgaaacccagcaccagttgccaaggctatgaattcttgttcggtccgctctttccctcccgggttctgtgtcatcataagcacatcaatttgggaggtgctcttcacagcagtgctagtctcaggcacaactggaagaagtgcttcaacaacaattacttttccattgtctggtatagcattgtaa	192	MPRNPAPVAKAMNSCSVRSFPPGFCVIISTSIWEVLFTAVLVSGTTGRSASTTITFPLSGIAL*	64	""	0	""	0	atgccacgaaacccagcaccagttgccaaggctatgaattcttgttcggtccgctctttccctcccgggttctgtgtcatcataagcacatcaatttgggaggtgctcttcacagcagtgctagtctcaggcacaactggaagaagtgcttcaacaacaattacttttccattgtctggtatagcattgtaa	192	MPRNPAPVAKAMNSCSVRSFPPGFCVIISTSIWEVLFTAVLVSGTTGRSASTTITFPLSGIAL*	64
tblastn#query#caffeic#fvesca_scaffolds.out	tblastn	query	caffeic	fvesca_scaffolds	fve:101314449	6e-164	100.00	100	0	fve:101314449	scf0513173	scf0513173	0	0	scf0513173	scf0513173	1	245	687844	688578	  510	1313	245	245	0	245	0	0	100.00	0/1	0	1	245	N/A	N/A	N/A	N/A	N/A	scf0513173	scf0513173	N/A	100	MESHGSLENHISAWGVSTSLTIQMTLKAAIELDVFNIIAKAGSGAHLTSKQIVSHIPTTKPNSAIENLERILRFLSFHSLLSTSQTPNPNDLTIKETSYRLTKDALCLVPNENGVSFAPFLIWCSEMHTFKSLSMLKYTVLEPKSTPFLKAHGETMYEYMSKKPELCQLFDKVMRLHSHIYYEQKVFEEYKGFGEVKELMDVGGGDGSAIAKIVSVYPHIQGINFNLPSVVARAPEYQGQYTNIS	MESHGSLENHISAWGVSTSLTIQMTLKAAIELDVFNIIAKAGSGAHLTSKQIVSHIPTTKPNSAIENLERILRFLSFHSLLSTSQTPNPNDLTIKETSYRLTKDALCLVPNENGVSFAPFLIWCSEMHTFKSLSMLKYTVLEPKSTPFLKAHGETMYEYMSKKPELCQLFDKVMRLHSHIYYEQKVFEEYKGFGEVKELMDVGGGDGSAIAKIVSVYPHIQGINFNLPSVVARAPEYQGQYTNIS	fve:101314449	245	scf0513173	2261728	187	atggaaagccatggaagtttagagaatcatatttctgcttggggtgtgtcaacttcactcaccattcaaatgactctaaaagctgcaatagagctcgatgtgttcaacatcattgccaaagcagggtctggagctcatcttacatcaaaacaaattgtttcccacatcccaaccacgaaaccaaactcagcaattgaaaacttggagagaattctaaggtttcttagtttccattccctactatcaacatctcaaacaccaaaccctaatgacctgaccatcaaagaaaccagctaccggcttacaaaggatgccctttgcctagtccccaatgaaaatggagtttcttttgctccatttttgatttggtgctctgaaatgcacactttcaagagcttgtccatgctcaaatacacggtgcttgaaccgaagagtactccattcctgaaagctcatggggagaccatgtatgaatacatgtccaagaagccagagttgtgccaattgtttgataaagtaatgaggcttcactctcatatatactacgaacaaaaggtgtttgaagagtataaaggttttggagaggtgaaagagcttatggatgtaggagggggcgatggaagtgccattgccaaaatagtgtcagtatatcctcatattcagggaatcaacttcaatttgcccagtgtggttgctcgtgctcctgaatatcaaggtcagtatactaacatatca	MESHGSLENHISAWGVSTSLTIQMTLKAAIELDVFNIIAKAGSGAHLTSKQIVSHIPTTKPNSAIENLERILRFLSFHSLLSTSQTPNPNDLTIKETSYRLTKDALCLVPNENGVSFAPFLIWCSEMHTFKSLSMLKYTVLEPKSTPFLKAHGETMYEYMSKKPELCQLFDKVMRLHSHIYYEQKVFEEYKGFGEVKELMDVGGGDGSAIAKIVSVYPHIQGINFNLPSVVARAPEYQGQYTNIS	atggaaagccatggaagtttagagaatcatatttctgcttggggtgtgtcaacttcactcaccattcaaatgactctaaaagctgcaatagagctcgatgtgttcaacatcattgccaaagcagggtctggagctcatcttacatcaaaacaaattgtttcccacatcccaaccacgaaaccaaactcagcaattgaaaacttggagagaattctaaggtttcttagtttccattccctactatcaacatctcaaacaccaaaccctaatgacctgaccatcaaagaaaccagctaccggcttacaaaggatgccctttgcctagtccccaatgaaaatggagtttcttttgctccatttttgatttggtgctctgaaatgcacactttcaagagcttgtccatgctcaaatacacggtgcttgaaccgaagagtactccattcctgaaagctcatggggagaccatgtatgaatacatgtccaagaagccagagttgtgccaattgtttgataaagtaatgaggcttcactctcatatatactacgaacaaaaggtgtttgaagagtataaaggttttggagaggtgaaagagcttatggatgtaggagggggcgatggaagtgccattgccaaaatagtgtcagtatatcctcatattcagggaatcaacttcaatttgcccagtgtggttgctcgtgctcctgaatatcaaggtcagtatactaacatatca	735	MESHGSLENHISAWGVSTSLTIQMTLKAAIELDVFNIIAKAGSGAHLTSKQIVSHIPTTKPNSAIENLERILRFLSFHSLLSTSQTPNPNDLTIKETSYRLTKDALCLVPNENGVSFAPFLIWCSEMHTFKSLSMLKYTVLEPKSTPFLKAHGETMYEYMSKKPELCQLFDKVMRLHSHIYYEQKVFEEYKGFGEVKELMDVGGGDGSAIAKIVSVYPHIQGINFNLPSVVARAPEYQGQYTNIS	245	atgtgttcaacatcattgccaaagcagggtctggagctcatcttacatcaaaacaaattgtttcccacatcccaaccacgaaaccaaactcagcaattgaaaacttggagagaattctaa	120	MCSTSLPKQGLELILHQNKLFPTSQPRNQTQQLKTWREF*	40	ggaaagccatggaagtttagagaatcatatttctgcttggggtgtgtcaacttcactcaccattcaaatgactctaaaagctgcaatagagctcgatgtgttcaacatcattgccaaagcagggtctggagctcatcttacatcaaaacaaattgtttcccacatcccaaccacgaaaccaaactcagcaattga	195	GKPWKFRESYFCLGCVNFTHHSNDSKSCNRARCVQHHCQSRVWSSSYIKTNCFPHPNHETKLSN*	65	atgagagtgaagcctcattactttatcaaacaattggcacaactctggcttcttggacatgtattcatacatggtctccccatgagctttcaggaatggagtactcttcggttcaagcaccgtgtatttgagcatggacaagctcttgaaagtgtgcatttcagagcaccaaatcaaaaatggagcaaaagaaactccattttcattggggactag	216	MRVKPHYFIKQLAQLWLLGHVFIHGLPMSFQEWSTLRFKHRVFEHGQALESVHFRAPNQKWSKRNSIFIGD*	72	atggacaagctcttgaaagtgtgcatttcagagcaccaaatcaaaaatggagcaaaagaaactccattttcattggggactaggcaaagggcatcctttgtaagccggtag	111	MDKLLKVCISEHQIKNGAKETPFSLGTRQRASFVSR*	37	atggagcaaaagaaactccattttcattggggactaggcaaagggcatcctttgtaa	57	MEQKKLHFHWGLGKGHPL*	19	atggaaagccatggaagtttagagaatcatatttctgcttggggtgtgtcaacttcactcaccattcaaatgactctaaaagctgcaatagagctcgatgtgttcaacatcattgccaaagcagggtctggagctcatcttacatcaaaacaaattgtttcccacatcccaaccacgaaaccaaactcagcaattgaaaacttggagagaattctaaggtttcttagtttccattccctactatcaacatctcaaacaccaaaccctaatgacctgaccatcaaagaaaccagctaccggcttacaaaggatgccctttgcctagtccccaatgaaaatggagtttcttttgctccatttttgatttggtgctctgaaatgcacactttcaagagcttgtccatgctcaaatacacggtgcttgaaccgaagagtactccattcctgaaagctcatggggagaccatgtatgaatacatgtccaagaagccagagttgtgccaattgtttgataaagtaatgaggcttcactctcatatatactacgaacaaaaggtgtttgaagagtataaaggttttggagaggtgaaagagcttatggatgtaggagggggcgatggaagtgccattgccaaaatagtgtcagtatatcctcatattcagggaatcaacttcaatttgcccagtgtggttgctcgtgctcctgaatatcaaggtcagtatactaacatatca	735	MESHGSLENHISAWGVSTSLTIQMTLKAAIELDVFNIIAKAGSGAHLTSKQIVSHIPTTKPNSAIENLERILRFLSFHSLLSTSQTPNPNDLTIKETSYRLTKDALCLVPNENGVSFAPFLIWCSEMHTFKSLSMLKYTVLEPKSTPFLKAHGETMYEYMSKKPELCQLFDKVMRLHSHIYYEQKVFEEYKGFGEVKELMDVGGGDGSAIAKIVSVYPHIQGINFNLPSVVARAPEYQGQYTNIS	245
tblastn#query#caffeic#fvesca_scaffolds.out	tblastn	query	caffeic	fvesca_scaffolds	fve:101308514	2e-83	100.00	100	0	fve:101308514	scf0513190	scf0513190	0	0	scf0513190	scf0513190	1	140	594904	595323	  283	725	140	140	0	140	0	0	100.00	0/1	0	1	140	N/A	N/A	N/A	N/A	N/A	scf0513190	scf0513190	N/A	38	MGSTGETQMTPTQVSDEEANLFAMQLASASVLPMVLKAAIELDLLEIMAKAGPGSFLSPNDLASQLPTENPEAPVMLDRMLRLLASYSILTYSLRTLPDGKVERLYGLGPVCKFLTKNEDGVSIAALCLMNQDKVLVESW	MGSTGETQMTPTQVSDEEANLFAMQLASASVLPMVLKAAIELDLLEIMAKAGPGSFLSPNDLASQLPTENPEAPVMLDRMLRLLASYSILTYSLRTLPDGKVERLYGLGPVCKFLTKNEDGVSIAALCLMNQDKVLVESW	fve:101308514	365	scf0513190	3270188	1258	atgggttccaccggcgagactcagatgactccgacccaagtctccgacgaggaagccaaccttttcgccatgcaactcgccagcgcctccgtcctccccatggtcctcaaagccgccatcgagctcgacctcttggagatcatggccaaggccggacccggctctttcctctcccctaatgacctagcctctcagcttccgaccgagaaccccgaagctccggtcatgctcgaccgtatgcttcgccttctggccagctactccattctaacctactccctgcgtacgcttccggacggcaaagttgagaggctctacggtttgggacccgtgtgtaagttcttgaccaagaatgaagatggcgtctctattgctgctctctgcctcatgaaccaggacaaggtcctcgtcgagagctgg	MGSTGETQMTPTQVSDEEANLFAMQLASASVLPMVLKAAIELDLLEIMAKAGPGSFLSPNDLASQLPTENPEAPVMLDRMLRLLASYSILTYSLRTLPDGKVERLYGLGPVCKFLTKNEDGVSIAALCLMNQDKVLVESW	atgggttccaccggcgagactcagatgactccgacccaagtctccgacgaggaagccaaccttttcgccatgcaactcgccagcgcctccgtcctccccatggtcctcaaagccgccatcgagctcgacctcttggagatcatggccaaggccggacccggctctttcctctcccctaatgacctagcctctcagcttccgaccgagaaccccgaagctccggtcatgctcgaccgtatgcttcgccttctggccagctactccattctaacctactccctgcgtacgcttccggacggcaaagttgagaggctctacggtttgggacccgtgtgtaagttcttgaccaagaatgaagatggcgtctctattgctgctctctgcctcatgaaccaggacaaggtcctcgtcgagagctgg	420	MGSTGETQMTPTQVSDEEANLFAMQLASASVLPMVLKAAIELDLLEIMAKAGPGSFLSPNDLASQLPTENPEAPVMLDRMLRLLASYSILTYSLRTLPDGKVERLYGLGPVCKFLTKNEDGVSIAALCLMNQDKVLVESW	140	atgaagatggcgtctctattgctgctctctgcctcatga	39	MKMASLLLLSAS*	13	gggttccaccggcgagactcagatgactccgacccaagtctccgacgaggaagccaaccttttcgccatgcaactcgccagcgcctccgtcctccccatggtcctcaaagccgccatcgagctcgacctcttggagatcatggccaaggccggacccggctctttcctctcccctaa	177	GFHRRDSDDSDPSLRRGSQPFRHATRQRLRPPHGPQSRHRARPLGDHGQGRTRLFPLP*	59	ccagctctcgacgaggaccttgtcctggttcatgaggcagagagcagcaatagagacgccatcttcattcttggtcaagaacttacacacgggtcccaaaccgtagagcctctcaactttgccgtccggaagcgtacgcagggagtaggttag	153	PALDEDLVLVHEAESSNRDAIFILGQELTHGSQTVEPLNFAVRKRTQGVG*	51	atgatctccaagaggtcgagctcgatggcggctttgaggaccatggggaggacggaggcgctggcgagttgcatggcgaaaaggttggcttcctcgtcggagacttgggtcggagtcatctga	123	MISKRSSSMAALRTMGRTEALASCMAKRLASSSETWVGVI*	41	agctctcgacgaggaccttgtcctggttcatga	33	SSRRGPCPGS*	11	atgggttccaccggcgagactcagatgactccgacccaagtctccgacgaggaagccaaccttttcgccatgcaactcgccagcgcctccgtcctccccatggtcctcaaagccgccatcgagctcgacctcttggagatcatggccaaggccggacccggctctttcctctcccctaatgacctagcctctcagcttccgaccgagaaccccgaagctccggtcatgctcgaccgtatgcttcgccttctggccagctactccattctaacctactccctgcgtacgcttccggacggcaaagttgagaggctctacggtttgggacccgtgtgtaagttcttgaccaagaatgaagatggcgtctctattgctgctctctgcctcatgaaccaggacaaggtcctcgtcgagagctgg	420	MGSTGETQMTPTQVSDEEANLFAMQLASASVLPMVLKAAIELDLLEIMAKAGPGSFLSPNDLASQLPTENPEAPVMLDRMLRLLASYSILTYSLRTLPDGKVERLYGLGPVCKFLTKNEDGVSIAALCLMNQDKVLVESW	140
tblastn#query#caffeic#fvesca_scaffolds.out	tblastn	query	caffeic	fvesca_scaffolds	pop:POPTR_0019s13400g	2e-49	41.46	69	0	pop:POPTR_0019s13400g	scf0512989	scf0512989	0	0	scf0512989	scf0512989	12	252	505339	504611	  184	466	246	102	136	152	4	8	61.79	0/-3	0	-3	GAQK4QKLYMVFL2ASEKSIMAAVLV10IA1NE1LH1GSPAVM2NSQEIL1SAGIILDKS-P-C-VC1IPPSYS1AY7RHKHRQVI1TKQEHVIQ1SK-IDQGL1EPTRLS1GALQ1DPSL1KRWC2RKDSSGEKVN1LM1PAMLVI1MLQENAYS1WVQM1AE3YG2QACG1KQEGGD1IM-S-T-P2KEKAAV2CEEDIV1DSLF1SAQA2EGFHNSREILFI1DE1LM2TD1KRILIAMVRP2VISEHSYCKIGEGV1DHDGVI1TSLI6TD1GTNT1ASELIL3YC1HW1-TKR10ASAV1PKAEYSNDGR1SEHN3NDFM1EDAC2NK2SAIAFIMI1	N/A	N/A	N/A	N/A	N/A	scf0512989	scf0512989	N/A	69	GQVEVWQLMFGFAESMALKCAIELGIADIINSLGGPVTLNQIASGIDSPCVDIPYLARIMRFLVRKRVFTQHIPS-DGGETLYGLTDSSKWLLRDSEVSLAPMVLMQNYPWQLAPWHYLSQCVKEGGI---AFKKAHGCEIWDLASQNPEFNRIFNDALACTAKIIMRAVVSHYKGGFDDVETLVDVGGGTGGNLAEIVKAYPHI-KGINFDLPHVVAAAPAYNGVSHVGGNFFEAIPNADSIFMK	AKVEVWKYVLGFSKIAVVKCAIELGIADAIESHGSAMTLSELAAILK---CDPSSLYRIMRFLVHHQIFKEVQPKIQLGPRSYAQTPLSRCLLKSGKNSMAALILLEASPVMLEPWHGLSAGVQGDGMSTPAFEAVHGEDVWSFAAANPGHSELINEAMACDARLAVPAVIESCIEVFHGIESIVDVGGGDGTTLSLLVKACPWITRGINFDLPHVVSVAKESDRVENVGGDMFDCIPKADAAIIK	pop:POPTR_0019s13400g	351	scf0512989	535872	1	gccaaggtggaggtgtggaaatatgtgttaggattctctaaaatcgcagtagtgaagtgtgcgattgagcttggaatagctgatgctattgaaagccatggaagtgccatgacactctcagagctagccgcaattctcaagtgtgatccttcttctctttaccgcatcatgaggttcctagttcatcaccaaatattcaaagaagtacaacccaaaatccaactaggccccagaagctatgcacaaacacctttgtcccgctgcctactaaaatccggtaaaaacagcatggctgcattaattttgctggaggctagtccggtaatgctagaaccgtggcatggccttagtgctggggttcagggcgatggcatgagtactcccgcgtttgaggcagtacatggtgaggatgtatggagctttgccgcggctaaccccggtcacagcgagcttatcaatgaagcaatggcttgtgatgccaggctcgcagtgcctgcagtgattgaaagttgtatagaggtttttcatgggattgagagcatagtagatgtgggtggtggtgatgggactactttaagcttgttggttaaggcttgcccttggattactcgagggatcaattttgatcttcctcatgttgtgtctgttgctaaggagagtgaccgagttgagaatgttggaggtgacatgtttgattgtattccaaaggccgatgctgcaattatcaag	AKVEVWKYVLGFSKIAVVKCAIELGIADAIESHGSAMTLSELAAILKCDPSSLYRIMRFLVHHQIFKEVQPKIQLGPRSYAQTPLSRCLLKSGKNSMAALILLEASPVMLEPWHGLSAGVQGDGMSTPAFEAVHGEDVWSFAAANPGHSELINEAMACDARLAVPAVIESCIEVFHGIESIVDVGGGDGTTLSLLVKACPWITRGINFDLPHVVSVAKESDRVENVGGDMFDCIPKADAAIIK	atgacactctcagagctagccgcaattctcaagtgtgatccttcttctctttaccgcatcatgaggttcctagttcatcaccaaatattcaaagaagtacaacccaaaatccaactaggccccagaagctatgcacaaacacctttgtcccgctgcctactaaaatccggtaaaaacagcatggctgcattaattttgctggaggctagtccggtaatgctagaaccgtggcatggccttagtgctggggttcagggcgatggcatgagtactcccgcgtttgaggcagtacatggtgaggatgtatggagctttgccgcggctaaccccggtcacagcgagcttatcaatgaagcaatggcttgtgatgccaggctcgcagtgcctgcagtgattgaaagttgtatagaggtttttcatgggattgagagcatagtagatgtgggtggtggtgatgggactactttaagcttgttggttaaggcttgcccttggattactcgagggatcaattttgatcttcctcatgttgtgtctgttgctaaggagagtgaccgagttgagaatgttggaggtgacatgtttgattgtattccaaaggccgatgctgcaattatcaag	621	MTLSELAAILKCDPSSLYRIMRFLVHHQIFKEVQPKIQLGPRSYAQTPLSRCLLKSGKNSMAALILLEASPVMLEPWHGLSAGVQGDGMSTPAFEAVHGEDVWSFAAANPGHSELINEAMACDARLAVPAVIESCIEVFHGIESIVDVGGGDGTTLSLLVKACPWITRGINFDLPHVVSVAKESDRVENVGGDMFDCIPKADAAIIK	207	atggtgaggatgtatggagctttgccgcggctaaccccggtcacagcgagcttatcaatgaagcaatggcttgtgatgccaggctcgcagtgcctgcagtga	102	MVRMYGALPRLTPVTASLSMKQWLVMPGSQCLQ*	34	caaggtggaggtgtggaaatatgtgttaggattctctaa	39	QGGGVEICVRIL*	13	atgaaaaacctctatacaactttcaatcactgcaggcactgcgagcctggcatcacaagccattgcttcattgataagctcgctgtgaccggggttagccgcggcaaagctccatacatcctcaccatgtactgcctcaaacgcgggagtactcatgccatcgccctgaaccccagcactaaggccatgccacggttctag	201	MKNLYTTFNHCRHCEPGITSHCFIDKLAVTGVSRGKAPYILTMYCLKRGSTHAIALNPSTKAMPRF*	67	atgtcacctccaacattctcaactcggtcactctccttagcaacagacacaacatga	57	MSPPTFSTRSLSLATDTT*	19	atgcagccatgctgtttttaccggattttagtaggcagcgggacaaaggtgtttgtgcatagcttctggggcctagttggattttgggttgtacttctttga	102	MQPCCFYRILVGSGTKVFVHSFWGLVGFWVVLL*	34	atgacactctcagagctagccgcaattctcaagtgtgatccttcttctctttaccgcatcatgaggttcctagttcatcaccaaatattcaaagaagtacaacccaaaatccaactaggccccagaagctatgcacaaacacctttgtcccgctgcctactaaaatccggtaaaaacagcatggctgcattaattttgctggaggctagtccggtaatgctagaaccgtggcatggccttagtgctggggttcagggcgatggcatgagtactcccgcgtttgaggcagtacatggtgaggatgtatggagctttgccgcggctaaccccggtcacagcgagcttatcaatgaagcaatggcttgtgatgccaggctcgcagtgcctgcagtgattgaaagttgtatagaggtttttcatgggattgagagcatagtagatgtgggtggtggtgatgggactactttaagcttgttggttaaggcttgcccttggattactcgagggatcaattttgatcttcctcatgttgtgtctgttgctaaggagagtgaccgagttgagaatgttggaggtgacatgtttgattgtattccaaaggccgatgctgcaattatcaag	621	MTLSELAAILKCDPSSLYRIMRFLVHHQIFKEVQPKIQLGPRSYAQTPLSRCLLKSGKNSMAALILLEASPVMLEPWHGLSAGVQGDGMSTPAFEAVHGEDVWSFAAANPGHSELINEAMACDARLAVPAVIESCIEVFHGIESIVDVGGGDGTTLSLLVKACPWITRGINFDLPHVVSVAKESDRVENVGGDMFDCIPKADAAIIK	207
tblastn#query#caffeic#fvesca_scaffolds.out	tblastn	query	caffeic	fvesca_scaffolds	pvu:PHAVU_008G040200g	2e-23	48.48	43	0	pvu:PHAVU_008G040200g	scf0513165	scf0513165	0	0	scf0513165	scf0513165	187	252	858389	858192	65.1	157	66	32	34	40	0	0	60.61	0/-2	0	-2	1ILSKTS7TK1QTCMLAKSMA1IASDKAHF1SQ2GCITNVFL8SLPKPGVSPNGNVLEDHFVI6GQVI1QPGADN2ML2	N/A	N/A	N/A	N/A	N/A	scf0513165	scf0513165	N/A	19	GISTLVDVGGGTGQCLKMIISKHPSIKGINFDLPHVIENSPPVPGVEHVGGNMFEGVPQGDAIMLK	GLKSLVDVGGGKGTMASAIADAFPQIKCTVLDLPHVIENLKGSNNLDFIGGNMFEQIPPANAILLK	pvu:PHAVU_008G040200g	350	scf0513165	3552630	61	ggtttgaagtctcttgttgatgtaggaggtggtaagggaaccatggcatctgccattgccgatgcatttccacaaataaaatgcactgtattggatctacctcatgtcatcgaaaacttgaaagggagcaacaacttggacttcattggaggaaacatgtttgagcaaatacctccagcaaatgcaattctactcaag	GLKSLVDVGGGKGTMASAIADAFPQIKCTVLDLPHVIENLKGSNNLDFIGGNMFEQIPPANAILLK	atggcatctgccattgccgatgcatttccacaaataaaatgcactgtattggatctacctcatgtcatcgaaaacttgaaagggagcaacaacttggacttcattggaggaaacatgtttgagcaaatacctccagcaaatgcaattctactcaag	156	MASAIADAFPQIKCTVLDLPHVIENLKGSNNLDFIGGNMFEQIPPANAILLK	52	""	0	""	0	atgcactgtattggatctacctcatgtcatcgaaaacttgaaagggagcaacaacttggacttcattggaggaaacatgtttga	84	MHCIGSTSCHRKLEREQQLGLHWRKHV*	28	""	0	""	0	atgtttcctccaatgaagtccaagttgttgctccctttcaagttttcgatgacatga	57	MFPPMKSKLLLPFKFSMT*	19	atgcatcggcaatggcagatgccatggttcccttaccacctcctacatcaacaagagacttcaaac	66	MHRQWQMPWFPYHLLHQQETSN	22	atggcatctgccattgccgatgcatttccacaaataaaatgcactgtattggatctacctcatgtcatcgaaaacttgaaagggagcaacaacttggacttcattggaggaaacatgtttgagcaaatacctccagcaaatgcaattctactcaag	156	MASAIADAFPQIKCTVLDLPHVIENLKGSNNLDFIGGNMFEQIPPANAILLK	52
tblastn#query#caffeic#fvesca_scaffolds.out	tblastn	query	caffeic	fvesca_scaffolds	pop:POPTR_0019s13400g	3e-112	63.39	98	0	pop:POPTR_0019s13400g	scf0513152	scf0513152	0	0	scf0513152	scf0513152	6	252	349044	348283	  321	822	254	161	86	197	4	7	77.56	0/-2	0	-2	ED2LS4VAED2QKLY1FL3ED4KRCS1IV2GR1AP3NH1LH1GRPAVL2NSQE3GSIF2-A-S1CSVP2PSYC6FL3KRRNVI2QA1IHPDSGDEGDGS1TK-T-G5DH2KR3RH3VLST7QENTYN1WTQLLM4YCLF5EQGR1-PIC3KR3CRED2DQLFAF1QE1PLEK3IL3AGLM6IT1RK1VIVLSAHG5DE2EA10GSNALV8HS13AT2AV1NH7NDFM1ED-E-GAS5SA4	N/A	N/A	N/A	N/A	N/A	scf0513152	scf0513152	N/A	70	EEALLRGQVEVWQLMFGFAESMALKCAIELGIADIINSLGGPVTLNQIASGIDS--PCVDIPYLARIMRFLVRKRVFTQHIPSDGGET--LYGLTDSSKWLLRDSEVSLAPMVLMQNYPWQLAPWHYLSQCVKEGG-IAFKKAHGCEIWDLASQNPEFNRIFNDALACTAKIIMRAVVSHYKGGFDDVETLVDVGGGTGGNLAEIVKAYPHIKGINFDLPHVVAAAPAYNGVSHVGGNFFE--AIPNADSIFMK	DEASLRGQADVWKYMLGFADSMALRSAVELRIPDIIHSHGRALTLSEIASSFDSASPSPDISCLARIMRLLVRRNIFTAHHDGEDSEKTGLYGLTHSSRWLLHDSELTLAPMVLMETNPTLMAPWHCFSQCVKQRGPCAFKRAHGRDIWQFFSENLKFNRLFNDGMACTAKITMKAILAGYKGGFEDVATLVDVGGGTGSAVAEIVKAYPSIKGINFDLPHVVATAPVYHGVSHVGGDMFDEGSIPNADAIFMK	pop:POPTR_0019s13400g	351	scf0513152	2460373	104	gatgaagcaagtctgagaggccaagcagatgtatggaagtacatgctcggctttgctgattccatggctttgagatctgctgtggagctccgcataccagatatcatacactctcatggtcgtgcattgacgttgtctgaaatagcctcgtccttcgactctgcatcaccctctcccgatatctcatgcctcgctcgcatcatgcggttgctggtccgccggaacatcttcaccgcacaccatgacggtgaagattctgagaaaaccggcctctacgggttgactcactcgtctagatggctcttgcacgactcagagctcactctagctccgatggttctcatggagaccaatcctactctaatggctccatggcactgtttcagccagtgtgtcaagcaacgcggcccatgcgcctttaagagggcgcatgggcgcgacatttggcaattcttttctgaaaatctcaagttcaaccgattgttcaacgatggcatggcgtgtacagctaagattacaatgaaagcgatacttgccggatataagggtgggtttgaggacgtggcaacactggtggatgttggtggtgggactggaagcgcagtggcggagattgtgaaggcgtatcccagcattaagggcatcaactttgatctaccacatgtagttgcaacagcgccggtgtaccatggggtgtcacatgttggaggtgacatgtttgatgagggcagtattccaaacgcagatgcaattttcatgaag	DEASLRGQADVWKYMLGFADSMALRSAVELRIPDIIHSHGRALTLSEIASSFDSASPSPDISCLARIMRLLVRRNIFTAHHDGEDSEKTGLYGLTHSSRWLLHDSELTLAPMVLMETNPTLMAPWHCFSQCVKQRGPCAFKRAHGRDIWQFFSENLKFNRLFNDGMACTAKITMKAILAGYKGGFEDVATLVDVGGGTGSAVAEIVKAYPSIKGINFDLPHVVATAPVYHGVSHVGGDMFDEGSIPNADAIFMK	atgctcggctttgctgattccatggctttgagatctgctgtggagctccgcataccagatatcatacactctcatggtcgtgcattgacgttgtctgaaatagcctcgtccttcgactctgcatcaccctctcccgatatctcatgcctcgctcgcatcatgcggttgctggtccgccggaacatcttcaccgcacaccatgacggtgaagattctgagaaaaccggcctctacgggttgactcactcgtctagatggctcttgcacgactcagagctcactctagctccgatggttctcatggagaccaatcctactctaatggctccatggcactgtttcagccagtgtgtcaagcaacgcggcccatgcgcctttaagagggcgcatgggcgcgacatttggcaattcttttctgaaaatctcaagttcaaccgattgttcaacgatggcatggcgtgtacagctaagattacaatgaaagcgatacttgccggatataagggtgggtttgaggacgtggcaacactggtggatgttggtggtgggactggaagcgcagtggcggagattgtgaaggcgtatcccagcattaagggcatcaactttgatctaccacatgtagttgcaacagcgccggtgtaccatggggtgtcacatgttggaggtgacatgtttgatgagggcagtattccaaacgcagatgcaattttcatgaag	720	MLGFADSMALRSAVELRIPDIIHSHGRALTLSEIASSFDSASPSPDISCLARIMRLLVRRNIFTAHHDGEDSEKTGLYGLTHSSRWLLHDSELTLAPMVLMETNPTLMAPWHCFSQCVKQRGPCAFKRAHGRDIWQFFSENLKFNRLFNDGMACTAKITMKAILAGYKGGFEDVATLVDVGGGTGSAVAEIVKAYPSIKGINFDLPHVVATAPVYHGVSHVGGDMFDEGSIPNADAIFMK	240	atgggcgcgacatttggcaattcttttctgaaaatctcaagttcaaccgattgttcaacgatggcatggcgtgtacagctaagattacaatga	93	MGATFGNSFLKISSSTDCSTMAWRVQLRLQ*	31	atggctcttgcacgactcagagctcactctagctccgatggttctcatggagaccaatcctactctaatggctccatggcactgtttcagccagtgtgtcaagcaacgcggcccatgcgcctttaa	126	MALARLRAHSSSDGSHGDQSYSNGSMALFQPVCQATRPMRL*	42	atgcgccctcttaaaggcgcatgggccgcgttgcttgacacactggctgaaacagtgccatggagccattag	72	MRPLKGAWAALLDTLAETVPWSH*	24	atgaaaattgcatctgcgtttggaatactgccctcatcaaacatgtcacctccaacatgtgacaccccatggtacaccggcgctgttgcaactacatgtggtagatcaaagttgatgcccttaatgctgggatacgccttcacaatctccgccactgcgcttccagtcccaccaccaacatccaccagtgttgccacgtcctcaaacccacccttatatccggcaagtatcgctttcattgtaatcttagctgtacacgccatgccatcgttgaacaatcggttgaacttgagattttcagaaaagaattgccaaatgtcgcgcccatgcgccctcttaaaggcgcatgggccgcgttgcttgacacactggctgaaacagtgccatggagccattagagtaggattggtctccatgagaaccatcggagctagagtgagctctgagtcgtgcaagagccatctagacgagtga	474	MKIASAFGILPSSNMSPPTCDTPWYTGAVATTCGRSKLMPLMLGYAFTISATALPVPPPTSTSVATSSNPPLYPASIAFIVILAVHAMPSLNNRLNLRFSEKNCQMSRPCALLKAHGPRCLTHWLKQCHGAIRVGLVSMRTIGARVSSESCKSHLDE*	158	atgagatatcgggagagggtgatgcagagtcgaaggacgaggctatttcagacaacgtcaatgcacgaccatgagagtgtatga	84	MRYRERVMQSRRTRLFQTTSMHDHESV*	28	atgctcggctttgctgattccatggctttgagatctgctgtggagctccgcataccagatatcatacactctcatggtcgtgcattgacgttgtctgaaatagcctcgtccttcgactctgcatcaccctctcccgatatctcatgcctcgctcgcatcatgcggttgctggtccgccggaacatcttcaccgcacaccatgacggtgaagattctgagaaaaccggcctctacgggttgactcactcgtctagatggctcttgcacgactcagagctcactctagctccgatggttctcatggagaccaatcctactctaatggctccatggcactgtttcagccagtgtgtcaagcaacgcggcccatgcgcctttaagagggcgcatgggcgcgacatttggcaattcttttctgaaaatctcaagttcaaccgattgttcaacgatggcatggcgtgtacagctaagattacaatgaaagcgatacttgccggatataagggtgggtttgaggacgtggcaacactggtggatgttggtggtgggactggaagcgcagtggcggagattgtgaaggcgtatcccagcattaagggcatcaactttgatctaccacatgtagttgcaacagcgccggtgtaccatggggtgtcacatgttggaggtgacatgtttgatgagggcagtattccaaacgcagatgcaattttcatgaag	720	MLGFADSMALRSAVELRIPDIIHSHGRALTLSEIASSFDSASPSPDISCLARIMRLLVRRNIFTAHHDGEDSEKTGLYGLTHSSRWLLHDSELTLAPMVLMETNPTLMAPWHCFSQCVKQRGPCAFKRAHGRDIWQFFSENLKFNRLFNDGMACTAKITMKAILAGYKGGFEDVATLVDVGGGTGSAVAEIVKAYPSIKGINFDLPHVVATAPVYHGVSHVGGDMFDEGSIPNADAIFMK	240
tblastn#query#caffeic#fvesca_scaffolds.out	tblastn	query	caffeic	fvesca_scaffolds	mtr:MTR_8g068870	4e-28	65.93	20	0	mtr:MTR_8g068870	scf0513159	scf0513159	0	0	scf0513159	scf0513159	353	443	1020586	1020858	  121	304	91	60	31	69	0	0	75.82	0/1	0	1	1IL5KGNK3KPTI4IL2KR1LV1KR9GE9VDVFSL2VI6VT3VG7VA2IM1IV2HPNEFTLGHEWYVSMAMEVKVTGP2	N/A	N/A	N/A	N/A	N/A	scf0513159	scf0513159	N/A	20	IIPIGGPKNALTKTEQGEILFKLLGKEPKFLKVPIGIMDFAIGVLVVSVKVFPSLEDVAEFVKIGRYYAVESILILDHNFLHWVMMVVGSY	ILPIGGPGKALTPIEQGELLFRLVGREPKFLKVPIEIMDFAIGVLDFLVKIFPSLEDTAEFGKIGRYYAAESMLVLDPETGEYSAEKTPSY	mtr:MTR_8g068870	463	scf0513159	2544246	1	attttgcctattggtggaccgggaaaggcattgacaccaatagagcaaggggagttgttgtttagacttgtggggagggaacccaagtttttgaaagttcccattgagataatggacttcgctattggggtacttgatttccttgtaaagatatttccttcactggaagatacagctgagttcgggaagattggaaggtattatgccgctgagagtatgttggttttggatcctgagaccggagaatacagtgctgagaaaacaccaagttat	ILPIGGPGKALTPIEQGELLFRLVGREPKFLKVPIEIMDFAIGVLDFLVKIFPSLEDTAEFGKIGRYYAAESMLVLDPETGEYSAEKTPSY	atggacttcgctattggggtacttgatttccttgtaaagatatttccttcactggaagatacagctgagttcgggaagattggaaggtattatgccgctgagagtatgttggttttggatcctgagaccggagaatacagtgctgagaaaacaccaagttat	162	MDFAIGVLDFLVKIFPSLEDTAEFGKIGRYYAAESMLVLDPETGEYSAEKTPSY	54	atgccgctgagagtatgttggttttggatcctgagaccggagaatacagtgctgagaaaacaccaagtt	69	MPLRVCWFWILRPENTVLRKHQV	23	tttgcctattggtggaccgggaaaggcattgacaccaatagagcaaggggagttgttgtttag	63	FAYWWTGKGIDTNRARGVVV*	21	ataacttggtgttttctcagcactgtattctccggtctcaggatccaaaaccaacatactctcagcggcataataccttccaatcttcccgaactcagctgtatcttccagtga	114	ITWCFLSTVFSGLRIQNQHTLSGIIPSNLPELSCIFQ*	38	atgggaactttcaaaaacttgggttccctccccacaagtctaaacaacaactccccttgctctattggtgtcaatgcctttcccggtccaccaataggcaaa	102	MGTFKNLGSLPTSLNNNSPCSIGVNAFPGPPIGK	34	aacttggtgttttctcagcactgtattctccggtctcaggatccaaaaccaacatactctcagcggcataataccttccaatcttcccgaactcagctgtatcttccagtgaaggaaatatctttacaaggaaatcaagtaccccaatag	150	NLVFSQHCILRSQDPKPTYSQRHNTFQSSRTQLYLPVKEISLQGNQVPQ*	50	atggacttcgctattggggtacttgatttccttgtaaagatatttccttcactggaagatacagctgagttcgggaagattggaaggtattatgccgctgagagtatgttggttttggatcctgagaccggagaatacagtgctgagaaaacaccaagttat	162	MDFAIGVLDFLVKIFPSLEDTAEFGKIGRYYAAESMLVLDPETGEYSAEKTPSY	54
tblastn#query#caffeic#fvesca_scaffolds.out	tblastn	query	caffeic	fvesca_scaffolds	mdm:103428685	6e-25	92.31	18	0	mdm:103428685	scf0512968	scf0512968	0	0	scf0512968	scf0512968	372	384	742492	742530	30.4	67	13	12	1	13	0	0	100.00	0/1	0	1	KR12	N/A	N/A	N/A	N/A	N/A	scf0512968	scf0512968	N/A	3	KTKAEGGGLSHVE	RTKAEGGGLSHVE	mdm:103428685	384	scf0512968	1052801	3	aggacaaaggctgaaggtgggggtctttcacatgtggaa	RTKAEGGGLSHVE	""	0	""	0	""	0	""	0	""	0	""	0	""	0	""	0	""	0	""	0	""	0	""	0	""	0	""	0
tblastn#query#caffeic#fvesca_scaffolds.out	tblastn	query	caffeic	fvesca_scaffolds	fve:101296885	2e-58	92.73	83	0	fve:101296885	scf0513177	scf0513177	0	0	scf0513177	scf0513177	42	151	510441	510764	  206	523	110	102	6	103	1	2	93.64	0/3	0	3	98G-V-EL1LISR1DIMN1EN1	N/A	N/A	N/A	N/A	N/A	scf0513177	scf0513177	N/A	46	VVLWGSEMLVMNSYSMLKYTVLEPGSSPFLKGHGESMYEYMSKKPELCQLFDKVMGVISYLYFDHKVFEVYKGFEEVKELMDVGGGDGTAIAKIVSMYGVEHLSGDMFEL	VVLWGSEMLVMNSYSMLKYTVLEPGSSPFLKGHGESMYEYMSKKPELCQLFDKVMGVISYLYFDHKVFEVYKGFEEVKELMDVGGGDGTAIAKIVSMY--LHIRGINFNL	fve:101296885	241	scf0513177	4105140	294	gttgttctgtggggatctgaaatgctcgttatgaacagctactccatgctcaagtacacggtgctcgaaccggggagctcgccgtttctcaaagggcatggagagtccatgtatgaatacatgtctaagaaacctgagctgtgccaattgtttgacaaggtaatgggagtaatttcttacctatattttgatcataaggtgtttgaggtttacaaaggtttcgaagaggtcaaggaactgatggatgtaggaggtggtgatggaactgcgatagccaagatagtttctatgtatctacatatccgtgggatcaacttcaatttg	VVLWGSEMLVMNSYSMLKYTVLEPGSSPFLKGHGESMYEYMSKKPELCQLFDKVMGVISYLYFDHKVFEVYKGFEEVKELMDVGGGDGTAIAKIVSMYLHIRGINFNL	atgctcgttatgaacagctactccatgctcaagtacacggtgctcgaaccggggagctcgccgtttctcaaagggcatggagagtccatgtatgaatacatgtctaagaaacctgagctgtgccaattgtttgacaaggtaatgggagtaatttcttacctatattttgatcataaggtgtttgaggtttacaaaggtttcgaagaggtcaaggaactgatggatgtaggaggtggtgatggaactgcgatagccaagatagtttctatgtatctacatatccgtgggatcaacttcaatttg	303	MLVMNSYSMLKYTVLEPGSSPFLKGHGESMYEYMSKKPELCQLFDKVMGVISYLYFDHKVFEVYKGFEEVKELMDVGGGDGTAIAKIVSMYLHIRGINFNL	101	atggagagtccatgtatgaatacatgtctaagaaacctgagctgtgccaattgtttgacaaggtaa	66	MESPCMNTCLRNLSCANCLTR*	22	""	0	""	0	atgccctttgagaaacggcgagctccccggttcgagcaccgtgtacttgagcatggagtagctgttcataacgagcatttcagatccccacagaacaac	99	MPFEKRRAPRFEHRVLEHGVAVHNEHFRSPQNN	33	atgtattcatacatggactctccatgccctttgagaaacggcgagctccccggttcgagcaccgtgtacttgagcatggagtag	84	MYSYMDSPCPLRNGELPGSSTVYLSME*	28	""	0	""	0	atgctcgttatgaacagctactccatgctcaagtacacggtgctcgaaccggggagctcgccgtttctcaaagggcatggagagtccatgtatgaatacatgtctaagaaacctgagctgtgccaattgtttgacaaggtaatgggagtaatttcttacctatattttgatcataaggtgtttgaggtttacaaaggtttcgaagaggtcaaggaactgatggatgtaggaggtggtgatggaactgcgatagccaagatagtttctatgtatctacatatccgtgggatcaacttcaatttg	303	MLVMNSYSMLKYTVLEPGSSPFLKGHGESMYEYMSKKPELCQLFDKVMGVISYLYFDHKVFEVYKGFEEVKELMDVGGGDGTAIAKIVSMYLHIRGINFNL	101
tblastn#query#caffeic#fvesca_scaffolds.out	tblastn	query	caffeic	fvesca_scaffolds	fve:101296734	7e-64	99.01	100	0	fve:101296734	scf0512956	scf0512956	0	0	scf0512956	scf0512956	253	353	318896	319198	  216	550	101	100	1	101	0	0	100.00	0/2	0	2	KQ100	N/A	N/A	N/A	N/A	N/A	scf0512956	scf0512956	N/A	29	KWMLHQYDDKRCLTILKNCYEALPNHGKVIVVDMVIPEAPETTTSAKSLFQFDMFMMNMNTTGNERTEKELGSLGKQAGFNTIQVACSAFNFSVVELFKNM	QWMLHQYDDKRCLTILKNCYEALPNHGKVIVVDMVIPEAPETTTSAKSLFQFDMFMMNMNTTGNERTEKELGSLGKQAGFNTIQVACSAFNFSVVELFKNM	fve:101296734	353	scf0512956	635832	703	cagtggatgctacaccagtatgatgacaaacgttgcttgacaatactaaagaactgctacgaggcattgccaaaccatggaaaagtcatagtggttgatatggtgataccggaagcccccgaaactactacttctgcaaaaagcttgtttcagtttgatatgttcatgatgaacatgaacaccactggaaatgagaggacagagaaagaacttggaagtttgggaaaacaagccgggtttaacaccattcaagtggcatgttctgcgtttaacttttcggtggtggagctgttcaagaacatg	QWMLHQYDDKRCLTILKNCYEALPNHGKVIVVDMVIPEAPETTTSAKSLFQFDMFMMNMNTTGNERTEKELGSLGKQAGFNTIQVACSAFNFSVVELFKNM	atgctacaccagtatgatgacaaacgttgcttgacaatactaaagaactgctacgaggcattgccaaaccatggaaaagtcatagtggttgatatggtgataccggaagcccccgaaactactacttctgcaaaaagcttgtttcagtttgatatgttcatgatgaacatgaacaccactggaaatgagaggacagagaaagaacttggaagtttgggaaaacaagccgggtttaacaccattcaagtggcatgttctgcgtttaacttttcggtggtggagctgttcaagaacatg	297	MLHQYDDKRCLTILKNCYEALPNHGKVIVVDMVIPEAPETTTSAKSLFQFDMFMMNMNTTGNERTEKELGSLGKQAGFNTIQVACSAFNFSVVELFKNM	99	atgagaggacagagaaagaacttggaagtttgggaaaacaagccgggtttaacaccattcaagtggcatgttctgcgtttaacttttcggtggtggagctgttcaagaaca	111	MRGQRKNLEVWENKPGLTPFKWHVLRLTFRWWSCSRT	37	""	0	""	0	catgttcttgaacagctccaccaccgaaaagttaaacgcagaacatgccacttgaatggtgttaaacccggcttgttttcccaaacttccaagttctttctctgtcctctcatttccagtggtgttcatgttcatcatgaacatatcaaactgaaacaagctttttgcagaagtagtagtttcgggggcttccggtatcaccatatcaaccactatgacttttccatggtttggcaatgcctcgtagcagttctttag	258	HVLEQLHHRKVKRRTCHLNGVKPGLFSQTSKFFLCPLISSGVHVHHEHIKLKQAFCRSSSFGGFRYHHINHYDFSMVWQCLVAVL*	86	atggtgttaaacccggcttgttttcccaaacttccaagttctttctctgtcctctcatttccagtggtgttcatgttcatcatgaacatatcaaactga	99	MVLNPACFPKLPSSFSVLSFPVVFMFIMNISN*	33	atgcctcgtagcagttctttagtattgtcaagcaacgtttgtcatcatactggtgtagcatccact	66	MPRSSSLVLSSNVCHHTGVAST	22	atgctacaccagtatgatgacaaacgttgcttgacaatactaaagaactgctacgaggcattgccaaaccatggaaaagtcatagtggttgatatggtgataccggaagcccccgaaactactacttctgcaaaaagcttgtttcagtttgatatgttcatgatgaacatgaacaccactggaaatgagaggacagagaaagaacttggaagtttgggaaaacaagccgggtttaacaccattcaagtggcatgttctgcgtttaacttttcggtggtggagctgttcaagaacatg	297	MLHQYDDKRCLTILKNCYEALPNHGKVIVVDMVIPEAPETTTSAKSLFQFDMFMMNMNTTGNERTEKELGSLGKQAGFNTIQVACSAFNFSVVELFKNM	99
tblastn#query#caffeic#fvesca_scaffolds.out	tblastn	query	caffeic	fvesca_scaffolds	fve:101302573	7e-69	99.14	96	0	fve:101302573	scf0512939	scf0512939	0	0	scf0512939	scf0512939	126	241	117530	117877	  241	614	116	115	1	115	0	0	99.14	0/2	0	2	113VE2	N/A	N/A	N/A	N/A	N/A	scf0512939	scf0512939	N/A	32	DVLMGAWPLVHEAVIDPSVEPFVKANGEPAYQYYGKRPEMNGLMQKAMSGVSVPFIKAVLDGYDGFQGVTRLVDVGGSAGDCLKMIMDRYPNVREGINFDLPEVVAKAPTIAGVTH	DVLMGAWPLVHEAVIDPSVEPFVKANGEPAYQYYGKRPEMNGLMQKAMSGVSVPFIKAVLDGYDGFQGVTRLVDVGGSAGDCLKMIMDRYPNVREGINFDLPEVVAKAPTIAGETH	fve:101302573	358	scf0512939	258703	210	gatgtgctaatgggggcatggccgctggtgcacgaggcggtgattgacccctcggtggagccgtttgtgaaggcaaacggcgagccggcgtaccagtactacgggaagaggccggagatgaacgggttgatgcagaaggcaatgtcgggagtatctgtgccgttcataaaggcggtattagacggctacgatggttttcagggggtgacgagactggtggatgtgggtgggagtgccggagattgcctgaaaatgatcatggacagatatcctaatgtaagggaaggcattaactttgatctacctgaggtagttgccaaggccccaactattgccggtgagactcat	DVLMGAWPLVHEAVIDPSVEPFVKANGEPAYQYYGKRPEMNGLMQKAMSGVSVPFIKAVLDGYDGFQGVTRLVDVGGSAGDCLKMIMDRYPNVREGINFDLPEVVAKAPTIAGETH	atgggggcatggccgctggtgcacgaggcggtgattgacccctcggtggagccgtttgtgaaggcaaacggcgagccggcgtaccagtactacgggaagaggccggagatgaacgggttgatgcagaaggcaatgtcgggagtatctgtgccgttcataaaggcggtattagacggctacgatggttttcagggggtgacgagactggtggatgtgggtgggagtgccggagattgcctgaaaatgatcatggacagatatcctaatgtaagggaaggcattaactttgatctacctgaggtagttgccaaggccccaactattgccggtgagactcat	339	MGAWPLVHEAVIDPSVEPFVKANGEPAYQYYGKRPEMNGLMQKAMSGVSVPFIKAVLDGYDGFQGVTRLVDVGGSAGDCLKMIMDRYPNVREGINFDLPEVVAKAPTIAGETH	113	""	0	""	0	tgtgctaatgggggcatggccgctggtgcacgaggcggtgattga	45	CANGGMAAGARGGD*	15	atgagtctcaccggcaatagttggggccttggcaactacctcaggtag	48	MSLTGNSWGLGNYLR*	16	atgccttcccttacattaggatatctgtccatgatcattttcaggcaatctccggcactcccacccacatccaccagtctcgtcaccccctga	93	MPSLTLGYLSMIIFRQSPALPPTSTSLVTP*	31	""	0	""	0	atgggggcatggccgctggtgcacgaggcggtgattgacccctcggtggagccgtttgtgaaggcaaacggcgagccggcgtaccagtactacgggaagaggccggagatgaacgggttgatgcagaaggcaatgtcgggagtatctgtgccgttcataaaggcggtattagacggctacgatggttttcagggggtgacgagactggtggatgtgggtgggagtgccggagattgcctgaaaatgatcatggacagatatcctaatgtaagggaaggcattaactttgatctacctgaggtagttgccaaggccccaactattgccggtgagactcat	339	MGAWPLVHEAVIDPSVEPFVKANGEPAYQYYGKRPEMNGLMQKAMSGVSVPFIKAVLDGYDGFQGVTRLVDVGGSAGDCLKMIMDRYPNVREGINFDLPEVVAKAPTIAGETH	113
tblastn#query#caffeic#fvesca_scaffolds.out	tblastn	query	caffeic	fvesca_scaffolds	fve:101292538	4e-159	99.58	96	0	fve:101292538	scf0512940	scf0512940	0	0	scf0512940	scf0512940	1	240	40452	39733	  496	1277	240	239	1	239	0	0	99.58	0/-2	0	-2	239AG	N/A	N/A	N/A	N/A	N/A	scf0512940	scf0512940	N/A	96	MATPVSLENDISAYYLGSSICIQMAQRAAIELDVFNIIAKSGPEAHLTSKEIVSEIPTTDPNAAAENLERILNLLSAVKSLLSTYLKQRHNDKTPQRAYGLTKEVLLCLVPNEDGVSFTSEIISGSEMHIIQSLCMLKHPVLEPGSVPFCKAHGVSFYEFMSERPEMISWFNKHMRTASYLHFDLKVLKVYEGFEEVKELMDAGGGDGSSLAKIVSMYPHIHGINFDISSVIVQAPNYQA	MATPVSLENDISAYYLGSSICIQMAQRAAIELDVFNIIAKSGPEAHLTSKEIVSEIPTTDPNAAAENLERILNLLSAVKSLLSTYLKQRHNDKTPQRAYGLTKEVLLCLVPNEDGVSFTSEIISGSEMHIIQSLCMLKHPVLEPGSVPFCKAHGVSFYEFMSERPEMISWFNKHMRTASYLHFDLKVLKVYEGFEEVKELMDAGGGDGSSLAKIVSMYPHIHGINFDISSVIVQAPNYQG	fve:101292538	249	scf0512940	156337	36	atggcaaccccagtaagtctagaaaatgatatctccgcttattatttgggaagttcgatttgcattcagatggctcaaagagctgcaatagagctcgatgtcttcaatatcattgctaagtcagggccagaagctcatcttacatcgaaagaaattgtttcagaaatccccaccacagatccaaatgcagcagctgagaatctagagcgaatcctcaaccttctcagtgccgtcaaatccctcctttctacatatctcaaacaaagacacaatgacaaaacaccacaaagggcttatggtctaacaaaagaagtactactgtgcctagtgccaaatgaagatggagtttcgttcacatcagaaattatctcaggctctgaaatgcacattatacagagcttatgcatgctcaagcacccggtgctggaaccggggagtgttcctttctgtaaagcccatggagtaagcttctacgagttcatgtccgagagacctgagatgatttcatggttcaacaagcacatgagaactgcctcttatttacattttgatctgaaggttctcaaggtctatgaaggttttgaagaagtgaaagagctgatggatgcagggggtggtgatggaagttccctcgcaaaaattgtgtctatgtatcctcatatccatggcatcaatttcgacatctctagtgtcattgttcaggctcctaattatcaaggt	MATPVSLENDISAYYLGSSICIQMAQRAAIELDVFNIIAKSGPEAHLTSKEIVSEIPTTDPNAAAENLERILNLLSAVKSLLSTYLKQRHNDKTPQRAYGLTKEVLLCLVPNEDGVSFTSEIISGSEMHIIQSLCMLKHPVLEPGSVPFCKAHGVSFYEFMSERPEMISWFNKHMRTASYLHFDLKVLKVYEGFEEVKELMDAGGGDGSSLAKIVSMYPHIHGINFDISSVIVQAPNYQG	atggcaaccccagtaagtctagaaaatgatatctccgcttattatttgggaagttcgatttgcattcagatggctcaaagagctgcaatagagctcgatgtcttcaatatcattgctaagtcagggccagaagctcatcttacatcgaaagaaattgtttcagaaatccccaccacagatccaaatgcagcagctgagaatctagagcgaatcctcaaccttctcagtgccgtcaaatccctcctttctacatatctcaaacaaagacacaatgacaaaacaccacaaagggcttatggtctaacaaaagaagtactactgtgcctagtgccaaatgaagatggagtttcgttcacatcagaaattatctcaggctctgaaatgcacattatacagagcttatgcatgctcaagcacccggtgctggaaccggggagtgttcctttctgtaaagcccatggagtaagcttctacgagttcatgtccgagagacctgagatgatttcatggttcaacaagcacatgagaactgcctcttatttacattttgatctgaaggttctcaaggtctatgaaggttttgaagaagtgaaagagctgatggatgcagggggtggtgatggaagttccctcgcaaaaattgtgtctatgtatcctcatatccatggcatcaatttcgacatctctagtgtcattgttcaggctcctaattatcaaggt	720	MATPVSLENDISAYYLGSSICIQMAQRAAIELDVFNIIAKSGPEAHLTSKEIVSEIPTTDPNAAAENLERILNLLSAVKSLLSTYLKQRHNDKTPQRAYGLTKEVLLCLVPNEDGVSFTSEIISGSEMHIIQSLCMLKHPVLEPGSVPFCKAHGVSFYEFMSERPEMISWFNKHMRTASYLHFDLKVLKVYEGFEEVKELMDAGGGDGSSLAKIVSMYPHIHGINFDISSVIVQAPNYQG	240	atgaagatggagtttcgttcacatcagaaattatctcaggctctgaaatgcacattatacagagcttatgcatgctcaagcacccggtgctggaaccggggagtgttcctttctgtaaagcccatggagtaa	132	MKMEFRSHQKLSQALKCTLYRAYACSSTRCWNRGVFLSVKPME*	44	atgcatgctcaagcacccggtgctggaaccggggagtgttcctttctgtaa	51	MHAQAPGAGTGECSFL*	17	atggatatgaggatacatagacacaatttttgcgagggaacttccatcaccaccccctgcatccatcagctctttcacttcttcaaaaccttcatagaccttgagaaccttcagatcaaaatgtaa	126	MDMRIHRHNFCEGTSITTPCIHQLFHFFKTFIDLENLQIKM*	42	atgcataagctctgtataatgtgcatttcagagcctgagataatttctgatgtgaacgaaactccatcttcatttggcactaggcacagtagtacttcttttgttagaccataa	114	MHKLCIMCISEPEIISDVNETPSSFGTRHSSTSFVRP*	38	""	0	""	0	atggcaaccccagtaagtctagaaaatgatatctccgcttattatttgggaagttcgatttgcattcagatggctcaaagagctgcaatagagctcgatgtcttcaatatcattgctaagtcagggccagaagctcatcttacatcgaaagaaattgtttcagaaatccccaccacagatccaaatgcagcagctgagaatctagagcgaatcctcaaccttctcagtgccgtcaaatccctcctttctacatatctcaaacaaagacacaatgacaaaacaccacaaagggcttatggtctaacaaaagaagtactactgtgcctagtgccaaatgaagatggagtttcgttcacatcagaaattatctcaggctctgaaatgcacattatacagagcttatgcatgctcaagcacccggtgctggaaccggggagtgttcctttctgtaaagcccatggagtaagcttctacgagttcatgtccgagagacctgagatgatttcatggttcaacaagcacatgagaactgcctcttatttacattttgatctgaaggttctcaaggtctatgaaggttttgaagaagtgaaagagctgatggatgcagggggtggtgatggaagttccctcgcaaaaattgtgtctatgtatcctcatatccatggcatcaatttcgacatctctagtgtcattgttcaggctcctaattatcaaggt	720	MATPVSLENDISAYYLGSSICIQMAQRAAIELDVFNIIAKSGPEAHLTSKEIVSEIPTTDPNAAAENLERILNLLSAVKSLLSTYLKQRHNDKTPQRAYGLTKEVLLCLVPNEDGVSFTSEIISGSEMHIIQSLCMLKHPVLEPGSVPFCKAHGVSFYEFMSERPEMISWFNKHMRTASYLHFDLKVLKVYEGFEEVKELMDAGGGDGSSLAKIVSMYPHIHGINFDISSVIVQAPNYQG	240
tblastn#query#caffeoyl#fvesca_scaffolds.out	tblastn	query	caffeoyl	fvesca_scaffolds	fve:105351761	5e-45	100.00	100	0	fve:105351761	scf0513081	scf0513081	0	0	scf0513081	scf0513081	1	92	775246	775521	  163	412	92	92	0	92	0	0	100.00	0/1	0	1	92	N/A	N/A	N/A	N/A	N/A	scf0513081	scf0513081	N/A	63	MDLMMTQITAIDRDCKTYEIGLPIIQKAGVEHKIDYIESAALPVLDNLLGEPKNEGEFDFAFVDADKDKYWNYHERLVKLLKIGGIVMYDNT	MDLMMTQITAIDRDCKTYEIGLPIIQKAGVEHKIDYIESAALPVLDNLLGEPKNEGEFDFAFVDADKDKYWNYHERLVKLLKIGGIVMYDNT	fve:105351761	147	scf0513081	1272342	792	atggatttgatgatgacgcagattacggccatagatagagattgtaaaacatacgaaataggtctcccaatcatacaaaaagccggagttgagcacaaaattgactacattgaatcggcggcactgcctgtccttgacaatctcttgggagaaccaaagaatgagggtgaattcgactttgcctttgtcgatgctgacaaagataagtattggaattatcatgagaggttggtgaaactgttgaagattggtgggattgttatgtatgataacacc	MDLMMTQITAIDRDCKTYEIGLPIIQKAGVEHKIDYIESAALPVLDNLLGEPKNEGEFDFAFVDADKDKYWNYHERLVKLLKIGGIVMYDNT	atggatttgatgatgacgcagattacggccatagatagagattgtaaaacatacgaaataggtctcccaatcatacaaaaagccggagttgagcacaaaattgactacattgaatcggcggcactgcctgtccttgacaatctcttgggagaaccaaagaatgagggtgaattcgactttgcctttgtcgatgctgacaaagataagtattggaattatcatgagaggttggtgaaactgttgaagattggtgggattgttatgtatgataacacc	276	MDLMMTQITAIDRDCKTYEIGLPIIQKAGVEHKIDYIESAALPVLDNLLGEPKNEGEFDFAFVDADKDKYWNYHERLVKLLKIGGIVMYDNT	92	atgagggtgaattcgactttgcctttgtcgatgctgacaaagataagtattggaattatcatgagaggttggtga	75	MRVNSTLPLSMLTKISIGIIMRGW*	25	ggatttgatgatgacgcagattacggccatagatag	36	GFDDDADYGHR*	12	atgataattccaatacttatctttgtcagcatcgacaaaggcaaagtcgaattcaccctcattctttggttctcccaagagattgtcaaggacaggcagtgccgccgattcaatgtagtcaattttgtgctcaactccggctttttgtatgattgggagacctatttcgtatgttttacaatctctatctatggccgtaatctgcgtcatcatcaaatccat	222	MIIPILIFVSIDKGKVEFTLILWFSQEIVKDRQCRRFNVVNFVLNSGFLYDWETYFVCFTISIYGRNLRHHQIH	74	atgattgggagacctatttcgtatgttttacaatctctatctatggccgtaatctgcgtcatcatcaaatcc	72	MIGRPISYVLQSLSMAVICVIIKS	24	""	0	""	0	atggatttgatgatgacgcagattacggccatagatagagattgtaaaacatacgaaataggtctcccaatcatacaaaaagccggagttgagcacaaaattgactacattgaatcggcggcactgcctgtccttgacaatctcttgggagaaccaaagaatgagggtgaattcgactttgcctttgtcgatgctgacaaagataagtattggaattatcatgagaggttggtgaaactgttgaagattggtgggattgttatgtatgataacacc	276	MDLMMTQITAIDRDCKTYEIGLPIIQKAGVEHKIDYIESAALPVLDNLLGEPKNEGEFDFAFVDADKDKYWNYHERLVKLLKIGGIVMYDNT	92
tblastn#query#caffeoyl#fvesca_scaffolds.out	tblastn	query	caffeoyl	fvesca_scaffolds	fve:105350276	0.0	100.00	100	0	fve:105350276	scf0513104	scf0513104	0	0	scf0513104	scf0513104	1	319	902655	903611	  638	1646	319	319	0	319	0	0	100.00	0/3	0	3	319	N/A	N/A	N/A	N/A	N/A	scf0513104	scf0513104	N/A	100	MEEERRRQPWPHYWGTTPEQDYYTSQGIKSSKAFFTSPRGLKLFTRQWLPLLSPPRGLIFMVHGYGNDISWTFQATAVFLARHGFACFALDLESHGGSQGLRAFVPNVDLVVADCRFFFSLVKRSPGFETLPSFLYGESMGGAICLLIHFADPEAFDGAVLVAPMCKISDDVKPKWPIPQILTFVAKFLPTLAIVPTGDLMVKSVKVEEKKVIADMNPSRYRGRPRLGTVMELLRVTDYVSQRLGDVRLPFIVLHGSADVVTDPNVSRALYEEAKSEDKTIKIYDGMMHSLLFGETDQNVEIVRSDILAWLNQRCTARN	MEEERRRQPWPHYWGTTPEQDYYTSQGIKSSKAFFTSPRGLKLFTRQWLPLLSPPRGLIFMVHGYGNDISWTFQATAVFLARHGFACFALDLESHGGSQGLRAFVPNVDLVVADCRFFFSLVKRSPGFETLPSFLYGESMGGAICLLIHFADPEAFDGAVLVAPMCKISDDVKPKWPIPQILTFVAKFLPTLAIVPTGDLMVKSVKVEEKKVIADMNPSRYRGRPRLGTVMELLRVTDYVSQRLGDVRLPFIVLHGSADVVTDPNVSRALYEEAKSEDKTIKIYDGMMHSLLFGETDQNVEIVRSDILAWLNQRCTARN	fve:105350276	319	scf0513104	1854871	203	atggaggaagagaggaggaggcagccctggcctcactactggggcaccacaccggagcaagactactacacttcacaggggatcaaatcctccaaagccttcttcacctcccccagaggactcaagctcttcacacgccaatggctccctcttctctctcctccacgtggcctcatcttcatggtccacggctacggcaacgacatcagctggacctttcaggccaccgccgtcttcctcgcccgtcacggcttcgcctgcttcgctctcgacctcgagtcccacggcggctcccaaggcctccgcgccttcgtccccaacgtcgatctcgtcgtcgccgactgccgcttcttcttcagcctcgtcaagcggagccccggtttcgaaaccctaccgtcttttctctacggcgagtccatgggcggcgcgatctgtcttctgatccacttcgcggatccggaagccttcgacggcgcggttctggtggcgccgatgtgtaaaatctccgacgacgtcaagcccaagtggccgatccctcagatcctgacgttcgtcgccaagttcctgccgactttggcgattgtgcccaccggggacctgatggtaaaatcggtcaaggtcgaggagaaaaaggtaattgcggacatgaacccttccaggtatagagggaggcctagattgggtacagtcatggagctactgagagtgacggactatgtcagccagaggctgggagatgtgaggctgccgtttattgtgctccacggcagcgccgacgtggtgacggatcccaatgtgagtagagctttgtatgaagaagcaaagagtgaagataagacgatcaagatttacgacgggatgatgcattccttgctgttcggggagactgatcagaacgtcgaaatcgtccgcagcgacattctggcatggttgaaccagagatgcacagcaagaaat	MEEERRRQPWPHYWGTTPEQDYYTSQGIKSSKAFFTSPRGLKLFTRQWLPLLSPPRGLIFMVHGYGNDISWTFQATAVFLARHGFACFALDLESHGGSQGLRAFVPNVDLVVADCRFFFSLVKRSPGFETLPSFLYGESMGGAICLLIHFADPEAFDGAVLVAPMCKISDDVKPKWPIPQILTFVAKFLPTLAIVPTGDLMVKSVKVEEKKVIADMNPSRYRGRPRLGTVMELLRVTDYVSQRLGDVRLPFIVLHGSADVVTDPNVSRALYEEAKSEDKTIKIYDGMMHSLLFGETDQNVEIVRSDILAWLNQRCTARN	atggaggaagagaggaggaggcagccctggcctcactactggggcaccacaccggagcaagactactacacttcacaggggatcaaatcctccaaagccttcttcacctcccccagaggactcaagctcttcacacgccaatggctccctcttctctctcctccacgtggcctcatcttcatggtccacggctacggcaacgacatcagctggacctttcaggccaccgccgtcttcctcgcccgtcacggcttcgcctgcttcgctctcgacctcgagtcccacggcggctcccaaggcctccgcgccttcgtccccaacgtcgatctcgtcgtcgccgactgccgcttcttcttcagcctcgtcaagcggagccccggtttcgaaaccctaccgtcttttctctacggcgagtccatgggcggcgcgatctgtcttctgatccacttcgcggatccggaagccttcgacggcgcggttctggtggcgccgatgtgtaaaatctccgacgacgtcaagcccaagtggccgatccctcagatcctgacgttcgtcgccaagttcctgccgactttggcgattgtgcccaccggggacctgatggtaaaatcggtcaaggtcgaggagaaaaaggtaattgcggacatgaacccttccaggtatagagggaggcctagattgggtacagtcatggagctactgagagtgacggactatgtcagccagaggctgggagatgtgaggctgccgtttattgtgctccacggcagcgccgacgtggtgacggatcccaatgtgagtagagctttgtatgaagaagcaaagagtgaagataagacgatcaagatttacgacgggatgatgcattccttgctgttcggggagactgatcagaacgtcgaaatcgtccgcagcgacattctggcatggttgaaccagagatgcacagcaagaaat	957	MEEERRRQPWPHYWGTTPEQDYYTSQGIKSSKAFFTSPRGLKLFTRQWLPLLSPPRGLIFMVHGYGNDISWTFQATAVFLARHGFACFALDLESHGGSQGLRAFVPNVDLVVADCRFFFSLVKRSPGFETLPSFLYGESMGGAICLLIHFADPEAFDGAVLVAPMCKISDDVKPKWPIPQILTFVAKFLPTLAIVPTGDLMVKSVKVEEKKVIADMNPSRYRGRPRLGTVMELLRVTDYVSQRLGDVRLPFIVLHGSADVVTDPNVSRALYEEAKSEDKTIKIYDGMMHSLLFGETDQNVEIVRSDILAWLNQRCTARN	319	atgaagaagcaaagagtgaagataagacgatcaagatttacgacgggatga	51	MKKQRVKIRRSRFTTG*	17	atggctccctcttctctctcctccacgtggcctcatcttcatggtccacggctacggcaacgacatcagctggacctttcaggccaccgccgtcttcctcgcccgtcacggcttcgcctgcttcgctctcgacctcgagtcccacggcggctcccaaggcctccgcgccttcgtccccaacgtcgatctcgtcgtcgccgactgccgcttcttcttcagcctcgtcaagcggagccccggtttcgaaaccctaccgtcttttctctacggcgagtccatgggcggcgcgatctgtcttctgatccacttcgcggatccggaagccttcgacggcgcggttctggtggcgccgatgtgtaa	360	MAPSSLSSTWPHLHGPRLRQRHQLDLSGHRRLPRPSRLRLLRSRPRVPRRLPRPPRLRPQRRSRRRRLPLLLQPRQAEPRFRNPTVFSLRRVHGRRDLSSDPLRGSGSLRRRGSGGADV*	120	atgcatcatcccgtcgtaaatcttgatcgtcttatcttcactctttgcttcttcatacaaagctctactcacattgggatccgtcaccacgtcggcgctgccgtggagcacaataaacggcagcctcacatctcccagcctctggctgacatagtccgtcactctcagtag	171	MHHPVVNLDRLIFTLCFFIQSSTHIGIRHHVGAAVEHNKRQPHISQPLADIVRHSQ*	57	atgactgtacccaatctaggcctccctctatacctggaagggttcatgtccgcaattacctttttctcctcgaccttgaccgattttaccatcaggtccccggtgggcacaatcgccaaagtcggcaggaacttggcgacgaacgtcaggatctga	156	MTVPNLGLPLYLEGFMSAITFFSSTLTDFTIRSPVGTIAKVGRNLATNVRI*	52	atgccagaatgtcgctgcggacgatttcgacgttctgatcagtctccccgaacagcaaggaatgcatcatcccgtcgtaaatcttga	87	MPECRCGRFRRSDQSPRTARNASSRRKS*	29	atggaggaagagaggaggaggcagccctggcctcactactggggcaccacaccggagcaagactactacacttcacaggggatcaaatcctccaaagccttcttcacctcccccagaggactcaagctcttcacacgccaatggctccctcttctctctcctccacgtggcctcatcttcatggtccacggctacggcaacgacatcagctggacctttcaggccaccgccgtcttcctcgcccgtcacggcttcgcctgcttcgctctcgacctcgagtcccacggcggctcccaaggcctccgcgccttcgtccccaacgtcgatctcgtcgtcgccgactgccgcttcttcttcagcctcgtcaagcggagccccggtttcgaaaccctaccgtcttttctctacggcgagtccatgggcggcgcgatctgtcttctgatccacttcgcggatccggaagccttcgacggcgcggttctggtggcgccgatgtgtaaaatctccgacgacgtcaagcccaagtggccgatccctcagatcctgacgttcgtcgccaagttcctgccgactttggcgattgtgcccaccggggacctgatggtaaaatcggtcaaggtcgaggagaaaaaggtaattgcggacatgaacccttccaggtatagagggaggcctagattgggtacagtcatggagctactgagagtgacggactatgtcagccagaggctgggagatgtgaggctgccgtttattgtgctccacggcagcgccgacgtggtgacggatcccaatgtgagtagagctttgtatgaagaagcaaagagtgaagataagacgatcaagatttacgacgggatgatgcattccttgctgttcggggagactgatcagaacgtcgaaatcgtccgcagcgacattctggcatggttgaaccagagatgcacagcaagaaat	957	MEEERRRQPWPHYWGTTPEQDYYTSQGIKSSKAFFTSPRGLKLFTRQWLPLLSPPRGLIFMVHGYGNDISWTFQATAVFLARHGFACFALDLESHGGSQGLRAFVPNVDLVVADCRFFFSLVKRSPGFETLPSFLYGESMGGAICLLIHFADPEAFDGAVLVAPMCKISDDVKPKWPIPQILTFVAKFLPTLAIVPTGDLMVKSVKVEEKKVIADMNPSRYRGRPRLGTVMELLRVTDYVSQRLGDVRLPFIVLHGSADVVTDPNVSRALYEEAKSEDKTIKIYDGMMHSLLFGETDQNVEIVRSDILAWLNQRCTARN	319
tblastn#query#caffeoyl#fvesca_scaffolds.out	tblastn	query	caffeoyl	fvesca_scaffolds	fve:101313674	0.0	100.00	100	0	fve:101313674	scf0513133	scf0513133	0	0	scf0513133	scf0513133	1	383	177799	176651	  796	2057	383	383	0	383	0	0	100.00	0/-3	0	-3	383	N/A	N/A	N/A	N/A	N/A	scf0513133	scf0513133	N/A	100	MIKHQLNFETLQKIKSSREFRPECCSPTKRKKSIEVMAPQVRLPGVDDKLQKLLDTNMDEAPARRRVREAFKDIQLKIDHILFKTPTDGLKMKESYEVNSRGLEIFSKSWLPETSQPKAILCYCHGYGDTCTFFFEGIARKLASFGYGVFAMDYPGFGLSEGLHCYIPSFERLVDDVIEHFSKVKTQPEFSTLPSFLFGQSMGGAVALKIHLKQPSGWNGAILVAPMCRIADDMAPPWLLAQVLIGVAKFLPKQKLVPQKNLAEAAFKDLKKRELTAYNVIAYRDNPRLQTAVEMLHTTQEIESRLEEVSLPLLILHGEDDIVTDPSVSKALYEKASSSNKKLILYEDAYHSLLEGEPDEMIVQVFNDIISWLNEHSTKYTAS	MIKHQLNFETLQKIKSSREFRPECCSPTKRKKSIEVMAPQVRLPGVDDKLQKLLDTNMDEAPARRRVREAFKDIQLKIDHILFKTPTDGLKMKESYEVNSRGLEIFSKSWLPETSQPKAILCYCHGYGDTCTFFFEGIARKLASFGYGVFAMDYPGFGLSEGLHCYIPSFERLVDDVIEHFSKVKTQPEFSTLPSFLFGQSMGGAVALKIHLKQPSGWNGAILVAPMCRIADDMAPPWLLAQVLIGVAKFLPKQKLVPQKNLAEAAFKDLKKRELTAYNVIAYRDNPRLQTAVEMLHTTQEIESRLEEVSLPLLILHGEDDIVTDPSVSKALYEKASSSNKKLILYEDAYHSLLEGEPDEMIVQVFNDIISWLNEHSTKYTAS	fve:101313674	383	scf0513133	465531	178	atgattaaacaccaactgaatttcgaaaccctccaaaaaataaagagttctagggagttcaggcccgagtgttgttccccaacaaagagaaagaagagcatagaagtaatggcaccccaagttaggttgccaggtgttgatgataaattgcagaagcttctggatactaacatggatgaagctccggccagaaggagagttcgtgaagcttttaaggacattcagcttaaaattgatcatatattattcaagacaccaactgatggacttaaaatgaaagagtcatatgaagtgaactccaggggattggagatcttctccaagagttggcttccagagacatctcagcccaaagcaatactttgttactgtcatggttatggggatacttgcacgtttttctttgaaggaatcgcaaggaagttggcatcatttggctatggagtttttgcaatggactaccctggatttggtctttcagaaggtctgcattgttatattcctagctttgaaaggctcgtagatgatgtcattgagcatttttctaaagtcaaaacgcaacctgagttcagtactctcccaagctttcttttcgggcagtccatgggcggagctgtagctcttaagattcacctaaaacaacctagtggatggaatggtgccatcctagttgcacctatgtgcagaattgcagatgacatggccccgccatggctactagcacaagtcctaattggtgttgcgaaattccttccaaagcagaagttggttccacaaaagaatctggctgaggcagcctttaaagacttgaagaaacgggaactgacggcctacaatgttattgcttacagggataacccacgcctgcagactgctgtagaaatgctccatacaacccaagagatagaaagccgattagaagaagtctctcttccattattaatccttcatggagaagatgatattgtgactgatccatctgtaagtaaagcgctctacgagaaagcaagcagttctaacaagaagctaatcctgtacgaggatgcatatcattcccttctggagggtgagccggatgaaatgatagttcaagttttcaatgacatcatatcatggctcaatgaacacagcacaaagtatacagccagt	MIKHQLNFETLQKIKSSREFRPECCSPTKRKKSIEVMAPQVRLPGVDDKLQKLLDTNMDEAPARRRVREAFKDIQLKIDHILFKTPTDGLKMKESYEVNSRGLEIFSKSWLPETSQPKAILCYCHGYGDTCTFFFEGIARKLASFGYGVFAMDYPGFGLSEGLHCYIPSFERLVDDVIEHFSKVKTQPEFSTLPSFLFGQSMGGAVALKIHLKQPSGWNGAILVAPMCRIADDMAPPWLLAQVLIGVAKFLPKQKLVPQKNLAEAAFKDLKKRELTAYNVIAYRDNPRLQTAVEMLHTTQEIESRLEEVSLPLLILHGEDDIVTDPSVSKALYEKASSSNKKLILYEDAYHSLLEGEPDEMIVQVFNDIISWLNEHSTKYTAS	atgattaaacaccaactgaatttcgaaaccctccaaaaaataaagagttctagggagttcaggcccgagtgttgttccccaacaaagagaaagaagagcatagaagtaatggcaccccaagttaggttgccaggtgttgatgataaattgcagaagcttctggatactaacatggatgaagctccggccagaaggagagttcgtgaagcttttaaggacattcagcttaaaattgatcatatattattcaagacaccaactgatggacttaaaatgaaagagtcatatgaagtgaactccaggggattggagatcttctccaagagttggcttccagagacatctcagcccaaagcaatactttgttactgtcatggttatggggatacttgcacgtttttctttgaaggaatcgcaaggaagttggcatcatttggctatggagtttttgcaatggactaccctggatttggtctttcagaaggtctgcattgttatattcctagctttgaaaggctcgtagatgatgtcattgagcatttttctaaagtcaaaacgcaacctgagttcagtactctcccaagctttcttttcgggcagtccatgggcggagctgtagctcttaagattcacctaaaacaacctagtggatggaatggtgccatcctagttgcacctatgtgcagaattgcagatgacatggccccgccatggctactagcacaagtcctaattggtgttgcgaaattccttccaaagcagaagttggttccacaaaagaatctggctgaggcagcctttaaagacttgaagaaacgggaactgacggcctacaatgttattgcttacagggataacccacgcctgcagactgctgtagaaatgctccatacaacccaagagatagaaagccgattagaagaagtctctcttccattattaatccttcatggagaagatgatattgtgactgatccatctgtaagtaaagcgctctacgagaaagcaagcagttctaacaagaagctaatcctgtacgaggatgcatatcattcccttctggagggtgagccggatgaaatgatagttcaagttttcaatgacatcatatcatggctcaatgaacacagcacaaagtatacagccagt	1149	MIKHQLNFETLQKIKSSREFRPECCSPTKRKKSIEVMAPQVRLPGVDDKLQKLLDTNMDEAPARRRVREAFKDIQLKIDHILFKTPTDGLKMKESYEVNSRGLEIFSKSWLPETSQPKAILCYCHGYGDTCTFFFEGIARKLASFGYGVFAMDYPGFGLSEGLHCYIPSFERLVDDVIEHFSKVKTQPEFSTLPSFLFGQSMGGAVALKIHLKQPSGWNGAILVAPMCRIADDMAPPWLLAQVLIGVAKFLPKQKLVPQKNLAEAAFKDLKKRELTAYNVIAYRDNPRLQTAVEMLHTTQEIESRLEEVSLPLLILHGEDDIVTDPSVSKALYEKASSSNKKLILYEDAYHSLLEGEPDEMIVQVFNDIISWLNEHSTKYTAS	383	atggttatggggatacttgcacgtttttctttgaaggaatcgcaaggaagttggcatcatttggctatggagtttttgcaatggactaccctggatttggtctttcagaaggtctgcattgttatattcctagctttgaaaggctcgtag	150	MVMGILARFSLKESQGSWHHLAMEFLQWTTLDLVFQKVCIVIFLALKGS*	50	atggctactagcacaagtcctaattggtgttgcgaaattccttccaaagcagaagttggttccacaaaagaatctggctga	81	MATSTSPNWCCEIPSKAEVGSTKESG*	27	atggagcatttctacagcagtctgcaggcgtgggttatccctgtaagcaataacattgtaggccgtcagttcccgtttcttcaagtctttaaaggctgcctcagccagattcttttgtggaaccaacttctgctttggaaggaatttcgcaacaccaattag	162	MEHFYSSLQAWVIPVSNNIVGRQFPFLQVFKGCLSQILLWNQLLLWKEFRNTN*	54	atggactgcccgaaaagaaagcttgggagagtactgaactcaggttgcgttttgactttagaaaaatgctcaatgacatcatctacgagcctttcaaagctaggaatataa	111	MDCPKRKLGRVLNSGCVLTLEKCSMTSSTSLSKLGI*	37	atgatgccaacttccttgcgattccttcaaagaaaaacgtgcaagtatccccataaccatgacagtaacaaagtattgctttgggctgagatgtctctggaagccaactcttggagaagatctccaatcccctggagttcacttcatatgactctttcattttaa	165	MMPTSLRFLQRKTCKYPHNHDSNKVLLWAEMSLEANSWRRSPIPWSSLHMTLSF*	55	atgattaaacaccaactgaatttcgaaaccctccaaaaaataaagagttctagggagttcaggcccgagtgttgttccccaacaaagagaaagaagagcatagaagtaatggcaccccaagttaggttgccaggtgttgatgataaattgcagaagcttctggatactaacatggatgaagctccggccagaaggagagttcgtgaagcttttaaggacattcagcttaaaattgatcatatattattcaagacaccaactgatggacttaaaatgaaagagtcatatgaagtgaactccaggggattggagatcttctccaagagttggcttccagagacatctcagcccaaagcaatactttgttactgtcatggttatggggatacttgcacgtttttctttgaaggaatcgcaaggaagttggcatcatttggctatggagtttttgcaatggactaccctggatttggtctttcagaaggtctgcattgttatattcctagctttgaaaggctcgtagatgatgtcattgagcatttttctaaagtcaaaacgcaacctgagttcagtactctcccaagctttcttttcgggcagtccatgggcggagctgtagctcttaagattcacctaaaacaacctagtggatggaatggtgccatcctagttgcacctatgtgcagaattgcagatgacatggccccgccatggctactagcacaagtcctaattggtgttgcgaaattccttccaaagcagaagttggttccacaaaagaatctggctgaggcagcctttaaagacttgaagaaacgggaactgacggcctacaatgttattgcttacagggataacccacgcctgcagactgctgtagaaatgctccatacaacccaagagatagaaagccgattagaagaagtctctcttccattattaatccttcatggagaagatgatattgtgactgatccatctgtaagtaaagcgctctacgagaaagcaagcagttctaacaagaagctaatcctgtacgaggatgcatatcattcccttctggagggtgagccggatgaaatgatagttcaagttttcaatgacatcatatcatggctcaatgaacacagcacaaagtatacagccagt	1149	MIKHQLNFETLQKIKSSREFRPECCSPTKRKKSIEVMAPQVRLPGVDDKLQKLLDTNMDEAPARRRVREAFKDIQLKIDHILFKTPTDGLKMKESYEVNSRGLEIFSKSWLPETSQPKAILCYCHGYGDTCTFFFEGIARKLASFGYGVFAMDYPGFGLSEGLHCYIPSFERLVDDVIEHFSKVKTQPEFSTLPSFLFGQSMGGAVALKIHLKQPSGWNGAILVAPMCRIADDMAPPWLLAQVLIGVAKFLPKQKLVPQKNLAEAAFKDLKKRELTAYNVIAYRDNPRLQTAVEMLHTTQEIESRLEEVSLPLLILHGEDDIVTDPSVSKALYEKASSSNKKLILYEDAYHSLLEGEPDEMIVQVFNDIISWLNEHSTKYTAS	383
tblastn#query#caffeoyl#fvesca_scaffolds.out	tblastn	query	caffeoyl	fvesca_scaffolds	fve:101306831	0.0	100.00	100	0	fve:101306831	scf0513161	scf0513161	0	0	scf0513161	scf0513161	1	329	735694	734708	  686	1770	329	329	0	329	0	0	100.00	0/-3	0	-3	329	N/A	N/A	N/A	N/A	N/A	scf0513161	scf0513161	N/A	100	MSTEKSASSAPETPPNFWGDTPAEEYYASEGVRHTQSYFETPNGKIFTQSFLPLDPDLPVKATVFMTHGYGSDSGWLFQKICIAFSTWGYAVFAADLLGHGRSDGLRCYLGDMEKVAATSLSFFLHVRRSEPYRHLPAFLFGESMGGLATMLMYFQSSEPDRWTGLIFSAPLFVIPENMKPSRLHLFVYGLLFGIADTWAAMPDNKMVGKAIKDPEKLKIIASNPRRYTGPPRVGTMREIARVCQYIQDNFSRVTAPFLTVHGTADGVTCPTSSKLLYEKASSVDKSLKIYEGMYHSLIQGETDENANLVLQDMREWIDERVEKYGPKP	MSTEKSASSAPETPPNFWGDTPAEEYYASEGVRHTQSYFETPNGKIFTQSFLPLDPDLPVKATVFMTHGYGSDSGWLFQKICIAFSTWGYAVFAADLLGHGRSDGLRCYLGDMEKVAATSLSFFLHVRRSEPYRHLPAFLFGESMGGLATMLMYFQSSEPDRWTGLIFSAPLFVIPENMKPSRLHLFVYGLLFGIADTWAAMPDNKMVGKAIKDPEKLKIIASNPRRYTGPPRVGTMREIARVCQYIQDNFSRVTAPFLTVHGTADGVTCPTSSKLLYEKASSVDKSLKIYEGMYHSLIQGETDENANLVLQDMREWIDERVEKYGPKP	fve:101306831	329	scf0513161	1178010	56	atgtcaacggaaaaatcggcatcatcggcgccggagacgcctccgaatttctggggcgacacccccgcggaggagtactacgcctccgaaggggtgcgccacacccaatcctacttcgaaacccccaacggcaagatcttcacccaaagcttcctgccgttggatcccgacctcccggtcaaagccaccgtcttcatgacccacggctacggctccgacagcggctggctcttccagaaaatctgcatcgccttctccacctggggctacgccgtcttcgccgccgacctcctcggccacggccgctccgacggcctccgctgctacctcggcgacatggagaaggttgccgccacctccctctccttcttcctccacgtccggcgcagcgagccctaccgccacctcccggccttcctcttcggcgagtccatgggcggcctcgccaccatgctcatgtacttccagtcctccgagcccgacaggtggacgggcctgatcttctctgctcccctcttcgtgatcccggagaacatgaagcccagcaggctccatctcttcgtgtacggactcctgttcggcatcgcggacacttgggccgcgatgccggacaacaagatggtcgggaaggccatcaaggacccggagaagctcaagattatagcttcaaacccgaggaggtacactgggccacccagggtggggaccatgagggagattgctagggtgtgccagtacatacaggataacttctcccgcgtaacggcgccgtttctgaccgtgcacgggaccgccgacggggtgacgtgtccgacgtcgtcgaagctgttgtatgagaaggcgtcgagcgtggacaagagcttgaagatttacgaggggatgtaccattcgttgatacaaggagagaccgatgagaatgccaaccttgtgttgcaggatatgagagagtggattgatgagagggtcgagaagtatggacctaaaccc	MSTEKSASSAPETPPNFWGDTPAEEYYASEGVRHTQSYFETPNGKIFTQSFLPLDPDLPVKATVFMTHGYGSDSGWLFQKICIAFSTWGYAVFAADLLGHGRSDGLRCYLGDMEKVAATSLSFFLHVRRSEPYRHLPAFLFGESMGGLATMLMYFQSSEPDRWTGLIFSAPLFVIPENMKPSRLHLFVYGLLFGIADTWAAMPDNKMVGKAIKDPEKLKIIASNPRRYTGPPRVGTMREIARVCQYIQDNFSRVTAPFLTVHGTADGVTCPTSSKLLYEKASSVDKSLKIYEGMYHSLIQGETDENANLVLQDMREWIDERVEKYGPKP	atgtcaacggaaaaatcggcatcatcggcgccggagacgcctccgaatttctggggcgacacccccgcggaggagtactacgcctccgaaggggtgcgccacacccaatcctacttcgaaacccccaacggcaagatcttcacccaaagcttcctgccgttggatcccgacctcccggtcaaagccaccgtcttcatgacccacggctacggctccgacagcggctggctcttccagaaaatctgcatcgccttctccacctggggctacgccgtcttcgccgccgacctcctcggccacggccgctccgacggcctccgctgctacctcggcgacatggagaaggttgccgccacctccctctccttcttcctccacgtccggcgcagcgagccctaccgccacctcccggccttcctcttcggcgagtccatgggcggcctcgccaccatgctcatgtacttccagtcctccgagcccgacaggtggacgggcctgatcttctctgctcccctcttcgtgatcccggagaacatgaagcccagcaggctccatctcttcgtgtacggactcctgttcggcatcgcggacacttgggccgcgatgccggacaacaagatggtcgggaaggccatcaaggacccggagaagctcaagattatagcttcaaacccgaggaggtacactgggccacccagggtggggaccatgagggagattgctagggtgtgccagtacatacaggataacttctcccgcgtaacggcgccgtttctgaccgtgcacgggaccgccgacggggtgacgtgtccgacgtcgtcgaagctgttgtatgagaaggcgtcgagcgtggacaagagcttgaagatttacgaggggatgtaccattcgttgatacaaggagagaccgatgagaatgccaaccttgtgttgcaggatatgagagagtggattgatgagagggtcgagaagtatggacctaaaccc	987	MSTEKSASSAPETPPNFWGDTPAEEYYASEGVRHTQSYFETPNGKIFTQSFLPLDPDLPVKATVFMTHGYGSDSGWLFQKICIAFSTWGYAVFAADLLGHGRSDGLRCYLGDMEKVAATSLSFFLHVRRSEPYRHLPAFLFGESMGGLATMLMYFQSSEPDRWTGLIFSAPLFVIPENMKPSRLHLFVYGLLFGIADTWAAMPDNKMVGKAIKDPEKLKIIASNPRRYTGPPRVGTMREIARVCQYIQDNFSRVTAPFLTVHGTADGVTCPTSSKLLYEKASSVDKSLKIYEGMYHSLIQGETDENANLVLQDMREWIDERVEKYGPKP	329	tgtcaacggaaaaatcggcatcatcggcgccggagacgcctccgaatttctggggcgacacccccgcggaggagtactacgcctccgaaggggtgcgccacacccaatcctacttcgaaacccccaacggcaagatcttcacccaaagcttcctgccgttggatcccgacctcccggtcaaagccaccgtcttcatga	198	CQRKNRHHRRRRRLRISGATPPRRSTTPPKGCATPNPTSKPPTARSSPKASCRWIPTSRSKPPSS*	66	gtcaacggaaaaatcggcatcatcggcgccggagacgcctccgaatttctggggcgacacccccgcggaggagtactacgcctccgaaggggtgcgccacacccaatcctacttcgaaacccccaacggcaagatcttcacccaaagcttcctgccgttggatcccgacctcccggtcaaagccaccgtcttcatgacccacggctacggctccgacagcggctggctcttccagaaaatctgcatcgccttctccacctggggctacgccgtcttcgccgccgacctcctcggccacggccgctccgacggcctccgctgctacctcggcgacatggagaaggttgccgccacctccctctccttcttcctccacgtccggcgcagcgagccctaccgccacctcccggccttcctcttcggcgagtccatgggcggcctcgccaccatgctcatgtacttccagtcctccgagcccgacaggtggacgggcctgatcttctctgctcccctcttcgtgatcccggagaacatgaagcccagcaggctccatctcttcgtgtacggactcctgttcggcatcgcggacacttgggccgcgatgccggacaacaagatggtcgggaaggccatcaaggacccggagaagctcaagattatagcttcaaacccgaggaggtacactgggccacccagggtggggaccatgagggagattgctag	723	VNGKIGIIGAGDASEFLGRHPRGGVLRLRRGAPHPILLRNPQRQDLHPKLPAVGSRPPGQSHRLHDPRLRLRQRLALPENLHRLLHLGLRRLRRRPPRPRPLRRPPLLPRRHGEGCRHLPLLLPPRPAQRALPPPPGLPLRRVHGRPRHHAHVLPVLRARQVDGPDLLCSPLRDPGEHEAQQAPSLRVRTPVRHRGHLGRDAGQQDGREGHQGPGEAQDYSFKPEEVHWATQGGDHEGDC*	241	atggagcctgctgggcttcatgttctccgggatcacgaagaggggagcagagaagatcaggcccgtccacctgtcgggctcggaggactggaagtacatgagcatggtggcgaggccgcccatggactcgccgaagaggaaggccgggaggtggcggtagggctcgctgcgccggacgtggaggaagaaggagagggaggtggcggcaaccttctccatgtcgccgaggtagcagcggaggccgtcggagcggccgtggccgaggaggtcggcggcgaagacggcgtagccccaggtggagaaggcgatgcagattttctggaagagccagccgctgtcggagccgtagccgtgggtcatgaagacggtggctttgaccgggaggtcgggatccaacggcaggaagctttgggtgaagatcttgccgttgggggtttcgaagtaggattgggtgtggcgcaccccttcggaggcgtagtactcctccgcgggggtgtcgccccagaaattcggaggcgtctccggcgccgatga	534	MEPAGLHVLRDHEEGSREDQARPPVGLGGLEVHEHGGEAAHGLAEEEGREVAVGLAAPDVEEEGEGGGGNLLHVAEVAAEAVGAAVAEEVGGEDGVAPGGEGDADFLEEPAAVGAVAVGHEDGGFDREVGIQRQEALGEDLAVGGFEVGLGVAHPFGGVVLLRGGVAPEIRRRLRRR*	178	atgtactggcacaccctagcaatctccctcatggtccccaccctgggtggcccagtgtacctcctcgggtttgaagctataatcttgagcttctccgggtccttgatggccttcccgaccatcttgttgtccggcatcgcggcccaagtgtccgcgatgccgaacaggagtccgtacacgaagagatggagcctgctgggcttcatgttctccgggatcacgaagaggggagcagagaagatcaggcccgtccacctgtcgggctcggaggactggaagtacatgagcatggtggcgaggccgcccatggactcgccgaagaggaaggccgggaggtggcggtag	345	MYWHTLAISLMVPTLGGPVYLLGFEAIILSFSGSLMAFPTILLSGIAAQVSAMPNRSPYTKRWSLLGFMFSGITKRGAEKIRPVHLSGSEDWKYMSMVARPPMDSPKRKAGRWR*	115	""	0	""	0	atgtcaacggaaaaatcggcatcatcggcgccggagacgcctccgaatttctggggcgacacccccgcggaggagtactacgcctccgaaggggtgcgccacacccaatcctacttcgaaacccccaacggcaagatcttcacccaaagcttcctgccgttggatcccgacctcccggtcaaagccaccgtcttcatgacccacggctacggctccgacagcggctggctcttccagaaaatctgcatcgccttctccacctggggctacgccgtcttcgccgccgacctcctcggccacggccgctccgacggcctccgctgctacctcggcgacatggagaaggttgccgccacctccctctccttcttcctccacgtccggcgcagcgagccctaccgccacctcccggccttcctcttcggcgagtccatgggcggcctcgccaccatgctcatgtacttccagtcctccgagcccgacaggtggacgggcctgatcttctctgctcccctcttcgtgatcccggagaacatgaagcccagcaggctccatctcttcgtgtacggactcctgttcggcatcgcggacacttgggccgcgatgccggacaacaagatggtcgggaaggccatcaaggacccggagaagctcaagattatagcttcaaacccgaggaggtacactgggccacccagggtggggaccatgagggagattgctagggtgtgccagtacatacaggataacttctcccgcgtaacggcgccgtttctgaccgtgcacgggaccgccgacggggtgacgtgtccgacgtcgtcgaagctgttgtatgagaaggcgtcgagcgtggacaagagcttgaagatttacgaggggatgtaccattcgttgatacaaggagagaccgatgagaatgccaaccttgtgttgcaggatatgagagagtggattgatgagagggtcgagaagtatggacctaaaccc	987	MSTEKSASSAPETPPNFWGDTPAEEYYASEGVRHTQSYFETPNGKIFTQSFLPLDPDLPVKATVFMTHGYGSDSGWLFQKICIAFSTWGYAVFAADLLGHGRSDGLRCYLGDMEKVAATSLSFFLHVRRSEPYRHLPAFLFGESMGGLATMLMYFQSSEPDRWTGLIFSAPLFVIPENMKPSRLHLFVYGLLFGIADTWAAMPDNKMVGKAIKDPEKLKIIASNPRRYTGPPRVGTMREIARVCQYIQDNFSRVTAPFLTVHGTADGVTCPTSSKLLYEKASSVDKSLKIYEGMYHSLIQGETDENANLVLQDMREWIDERVEKYGPKP	329
tblastn#query#caffeoyl#fvesca_scaffolds.out	tblastn	query	caffeoyl	fvesca_scaffolds	fve:101302900	4e-46	100.00	74	0	fve:101302900	scf0513160a	scf0513160a	0	0	scf0513160a	scf0513160a	150	250	1076302	1076604	  170	431	101	101	0	101	0	0	100.00	0/1	0	1	101	N/A	N/A	N/A	N/A	N/A	scf0513160a	scf0513160a	N/A	40	EKKEDIFDFAFVDADKNNYIKYHELLLKLVKVGGIIAYDNTLWFGAVAEPDDEEVQVPEVEFIRKYKPYVKELNSFLATDPRIELVLLSVGDGLTLCRRLY	EKKEDIFDFAFVDADKNNYIKYHELLLKLVKVGGIIAYDNTLWFGAVAEPDDEEVQVPEVEFIRKYKPYVKELNSFLATDPRIELVLLSVGDGLTLCRRLY	fve:101302900	250	scf0513160a	1989362	506	gaaaagaaagaagatatctttgattttgcgtttgtggatgctgataagaacaactacatcaaatatcatgagctgctactaaagcttgtgaaggtgggaggaataatagcttatgacaacactttgtggtttggcgcagtagcagaacctgacgatgaggaggtacaggtaccggaggttgaatttatcaggaaatacaagccttatgtgaaggaactgaacagcttcctcgccacagatccacgtatcgaattagttcttctttccgtcggagatggacttaccctatgcaggcgcctctat	EKKEDIFDFAFVDADKNNYIKYHELLLKLVKVGGIIAYDNTLWFGAVAEPDDEEVQVPEVEFIRKYKPYVKELNSFLATDPRIELVLLSVGDGLTLCRRLY	""	0	""	0	atgaggaggtacaggtaccggaggttgaatttatcaggaaatacaagccttatgtga	57	MRRYRYRRLNLSGNTSLM*	19	""	0	""	0	atgatatttgatgtagttgttcttatcagcatccacaaacgcaaaatcaaagatatcttctttcttttc	69	MIFDVVVLISIHKRKIKDIFFLF	23	""	0	""	0	""	0	""	0	atgatatttgatgtagttgttcttatcagcatccacaaacgcaaaatcaaagatatcttctttcttttc	69	MIFDVVVLISIHKRKIKDIFFLF	23
tblastn#query#caffeoyl#fvesca_scaffolds.out	tblastn	query	caffeoyl	fvesca_scaffolds	fve:101309377	2e-22	100.00	91	0	fve:101309377	scf0513146	scf0513146	0	0	scf0513146	scf0513146	56	82	2055653	2055573	59.7	143	27	27	0	27	0	0	100.00	0/-2	0	-2	27	N/A	N/A	N/A	N/A	N/A	scf0513146	scf0513146	N/A	10	YVMKTGVYPREPNPLKEIRIASATHPM	YVMKTGVYPREPNPLKEIRIASATHPM	fve:101309377	270	scf0513146	2264427	1567	tatgtaatgaagactggagtgtacccaagagaaccaaatcctctcaaggaaataaggattgcttctgcaactcaccctatg	YVMKTGVYPREPNPLKEIRIASATHPM	atgaagactggagtgtacccaagagaaccaaatcctctcaaggaaataaggattgcttctgcaactcaccctatg	75	MKTGVYPREPNPLKEIRIASATHPM	25	""	0	""	0	""	0	""	0	""	0	""	0	""	0	""	0	""	0	""	0	atgaagactggagtgtacccaagagaaccaaatcctctcaaggaaataaggattgcttctgcaactcaccctatg	75	MKTGVYPREPNPLKEIRIASATHPM	25
tblastn#query#caffeoyl#fvesca_scaffolds.out	tblastn	query	caffeoyl	fvesca_scaffolds	fve:101309377	2e-22	100.00	91	0	fve:101309377	scf0513146.1	scf0513146.1	0	0	scf0513146.1	scf0513146.1	56	82	480541	480461	59.7	143	27	27	0	27	0	0	100.00	0/-2	0	-2	27	N/A	N/A	N/A	N/A	N/A	scf0513146.1	scf0513146.1	N/A	10	YVMKTGVYPREPNPLKEIRIASATHPM	YVMKTGVYPREPNPLKEIRIASATHPM	fve:101309377	270	scf0513146.1	689315	1567	tatgtaatgaagactggagtgtacccaagagaaccaaatcctctcaaggaaataaggattgcttctgcaactcaccctatg	YVMKTGVYPREPNPLKEIRIASATHPM	atgaagactggagtgtacccaagagaaccaaatcctctcaaggaaataaggattgcttctgcaactcaccctatg	75	MKTGVYPREPNPLKEIRIASATHPM	25	""	0	""	0	""	0	""	0	""	0	""	0	""	0	""	0	""	0	""	0	atgaagactggagtgtacccaagagaaccaaatcctctcaaggaaataaggattgcttctgcaactcaccctatg	75	MKTGVYPREPNPLKEIRIASATHPM	25
tblastn#query#caffeoyl#fvesca_scaffolds.out	tblastn	query	caffeoyl	fvesca_scaffolds	pmum:103341491	1e-37	100.00	92	0	pmum:103341491	scf0513158.4	scf0513158.4	0	0	scf0513158.4	scf0513158.4	94	103	885265	885294	23.9	50	10	10	0	10	0	0	100.00	0/1	0	1	10	N/A	N/A	N/A	N/A	N/A	scf0513158.4	scf0513158.4	N/A	3	LAPTGIRTEE	LAPTGIRTEE	pmum:103341491	390	scf0513158.4	2258711	423	ttggctccaactgggatcagaacagaagag	LAPTGIRTEE	""	0	""	0	""	0	""	0	""	0	""	0	""	0	""	0	""	0	""	0	""	0	""	0	""	0	""	0
tblastn#query#caffeoyl#fvesca_scaffolds.out	tblastn	query	caffeoyl	fvesca_scaffolds	fve:101313960	3e-59	100.00	95	0	fve:101313960	scf0513144	scf0513144	0	0	scf0513144	scf0513144	157	190	265373	265272	71.2	173	34	34	0	34	0	0	100.00	0/-3	0	-3	34	N/A	N/A	N/A	N/A	N/A	scf0513144	scf0513144	N/A	11	IRSNKLIYQDKPRLKTALEMLRTSMSLEDSLHEV	IRSNKLIYQDKPRLKTALEMLRTSMSLEDSLHEV	fve:101313960	312	scf0513144	1790866	347	ataagaagcaataaacttatctaccaagacaagccgaggctgaaaacagctttggaaatgctcagaactagcatgagccttgaagacagtttacatgaggta	IRSNKLIYQDKPRLKTALEMLRTSMSLEDSLHEV	atgctcagaactagcatgagccttgaagacagtttacatgaggta	45	MLRTSMSLEDSLHEV	15	""	0	""	0	""	0	""	0	""	0	""	0	atgctagttctgagcatttccaaagctgttttcagcctcggcttgtcttggtag	54	MLVLSISKAVFSLGLSW*	18	cctcatgtaaactgtcttcaaggctcatgctag	33	PHVNCLQGSC*	11	atgctagttctgagcatttccaaagctgttttcagcctcggcttgtcttggtag	54	MLVLSISKAVFSLGLSW*	18
tblastn#query#caffeoyl#fvesca_scaffolds.out	tblastn	query	caffeoyl	fvesca_scaffolds	fve:101294795	6e-69	100.00	99	0	fve:101294795	scf0513008	scf0513008	0	0	scf0513008	scf0513008	2	12	1719447	1719479	26.9	58	11	11	0	11	0	0	100.00	0/3	0	3	11	N/A	N/A	N/A	N/A	N/A	scf0513008	scf0513008	N/A	3	AIDMGNVIYEE	AIDMGNVIYEE	fve:101294795	318	scf0513008	1772963	526	gccattgatatggggaatgtcatatatgaagag	AIDMGNVIYEE	""	0	""	0	""	0	""	0	""	0	""	0	""	0	""	0	""	0	""	0	""	0	""	0	""	0	""	0
tblastn#query#caffeoyl#fvesca_scaffolds.out	tblastn	query	caffeoyl	fvesca_scaffolds	cit:102615417	1e-81	46.33	99	0	cit:102615417	scf0513143	scf0513143	0	0	scf0513143	scf0513143	1	366	1694674	1693538	  278	712	395	183	167	237	11	45	60.00	0/-3	0	-3	2SIQSNSLG1ST1-L-L-P1LAQH2AS1LQ1VI3QKAI4QP2RA2VATAED1AIDSSL3RQTN2NHLIIL3NT1VAVTDQ3GS1ILVH9KRVA1AV3MLLFGA2LF1RVRNEDD-G-NS6SA4AI5KRMTAP2LMSA3GSSY1ESRSSR4AD6DT3QHNS9-Q-V-L-I-S-C-F-L-L-F-W-D-I-L-N-H-F-S-P-F-Y-F-F-L-S3NY1EQ3HS1VL5IV6LF2DN6DN2SHANEL1ASKDNKDSGLPTNV2IFFYYNLFPRNHLVKG1PNSGYK2ANLNYIPFSV1SINPQSNK1TCW-4MI1KNIVSADAH-QE1IVNDLS2EDSDGARL1L-I-L-VI3DE2HS1VY1V-K-MFAGSKKL1PVVKFIFNRSGS1YCDSLALV1IV1SNCFTR1HE1NLK-I-V-G-SAQKLP1LI1NGQ-1SATE1RG2DFLF2NK1IVAG1GRQE5RS1TSNY1IF1SFVICSDG1LV3TV3SA-DVR2TAC-E-LYNS3STIV1	N/A	N/A	N/A	N/A	N/A	scf0513143	scf0513143	N/A	99	MASQNLVST---KLQIEAVLTVTPFQATDPRQTLRVSVTEPADSGIFRTCLNLILYYNKVVDEDSGWIVAGWIKESLSKVLAEQPMLGGRLRRREDGNGELEVVSNDSGARLIEAKMAMTLSEFLGSKERSEDAEAELVFWKDIDEQNPQYSPLFYV-------------------------QVTNFECGGHSVGISCSILLADLLLKEDFLKKWADIHSAELAKNDGPNTPIFYLPNLKKPSYSAALYPSSSNQNKTWGKTMMFKISDHQNINLENESGRKLILVCVEDAEHKVGVKMASKFPVFFRGSYDLLKIESCTKHGNKIVGSQLKLKNQISTARWDDLGANEIAFGQGNKPARVTNWIGSVCDGLVMATPSSS-VEGTCELNVIVSIP	MAISSGVTTLLPKAHIESVQTITPFKITDPRPTLAVSAADPISLGIFQNCLHILLYYTKATQEDSSWLHAGWIKESLSRALVEQPLFAGRFRVND--SGELEVVANDSGIRLIEARTPMTMAEFLSYKSSREDAEDELVFWKTIDEHSPQYSPLFYVQVLISCFLLFWDILNHFSPFYFFLSQVTYFQCGGSSLGISCSVLLADLLFKENFLKKWANIHHNLLSDKSLTVTPFYNFRHVGKNGKSANNIFVSIPSKKC-GKTMIFNVAA-ENVDSENDDALK---ICVEEAESKYG--FGKLFVKINSSSCSAVKVENFRKEGL----AKPKIKG-IAEAGWDFFGAKEVGFREGNKPASVSYWFGFISGGVVMAVPSSADREGA--YSVIVTVP	cit:102615417	371	scf0513143	2078844	1	atggcaatttccagtggtgtcaccacgctcctcccaaaagcacacattgaatccgtccagactataacacccttcaagatcaccgatccgcgaccgacacttgccgtgtcggccgcagacccgatcagtttgggaatattccaaaactgcctgcacatccttctctactacacaaaagcaacccaagaggactcaagttggctccatgccggctggatcaaggagtccctttcgagggcgttggtggagcaaccgctatttgctggccgatttcgtgtgaatgatagtggagagctggaggttgtggccaatgacagcggcattagactcatcgaagctcgtactccgatgaccatggctgagtttctgtcttacaagtccagcagggaggatgcagaagatgaacttgtgttttggaaaacgattgatgaacatagtcctcagtactctcctctcttttatgttcaggtacttatttcttgtttccttcttttttgggatatattgaatcacttcagccctttttattttttcctttctcaggtgacatattttcagtgtggagggagttcactaggaattagctgcagtgttcttctagcagatcttttgttcaaagaaaattttctcaagaaatgggctaatatccaccacaatctgctttcagacaagagcctaactgtgacacccttttataatttccgacatgttggcaaaaatggaaagtctgccaacaatatatttgtctctattcctagcaaaaaatgtggcaagacaatgattttcaatgttgcagctgagaatgtggattcggagaacgatgatgcattgaaaatttgtgttgaagaagcagagagcaagtatggttttgggaaattgtttgtgaagatcaacagctcatcctgcagtgcagtcaaggttgagaattttcgaaaagaaggacttgctaagccaaaaattaagggaattgctgaagcgggatgggattttttcggggcaaaggaggtcggatttcgtgaagggaataagccggctagtgtttcgtattggtttggattcatttctggtggagttgttatggcagtgccatcatcagctgatcgggagggtgcttattcagtgattgttacagttcct	MAISSGVTTLLPKAHIESVQTITPFKITDPRPTLAVSAADPISLGIFQNCLHILLYYTKATQEDSSWLHAGWIKESLSRALVEQPLFAGRFRVNDSGELEVVANDSGIRLIEARTPMTMAEFLSYKSSREDAEDELVFWKTIDEHSPQYSPLFYVQVLISCFLLFWDILNHFSPFYFFLSQVTYFQCGGSSLGISCSVLLADLLFKENFLKKWANIHHNLLSDKSLTVTPFYNFRHVGKNGKSANNIFVSIPSKKCGKTMIFNVAAENVDSENDDALKICVEEAESKYGFGKLFVKINSSSCSAVKVENFRKEGLAKPKIKGIAEAGWDFFGAKEVGFREGNKPASVSYWFGFISGGVVMAVPSSADREGAYSVIVTVP	atggcaatttccagtggtgtcaccacgctcctcccaaaagcacacattgaatccgtccagactataacacccttcaagatcaccgatccgcgaccgacacttgccgtgtcggccgcagacccgatcagtttgggaatattccaaaactgcctgcacatccttctctactacacaaaagcaacccaagaggactcaagttggctccatgccggctggatcaaggagtccctttcgagggcgttggtggagcaaccgctatttgctggccgatttcgtgtgaatgatagtggagagctggaggttgtggccaatgacagcggcattagactcatcgaagctcgtactccgatgaccatggctgagtttctgtcttacaagtccagcagggaggatgcagaagatgaacttgtgttttggaaaacgattgatgaacatagtcctcagtactctcctctcttttatgttcaggtacttatttcttgtttccttcttttttgggatatattgaatcacttcagccctttttattttttcctttctcaggtgacatattttcagtgtggagggagttcactaggaattagctgcagtgttcttctagcagatcttttgttcaaagaaaattttctcaagaaatgggctaatatccaccacaatctgctttcagacaagagcctaactgtgacacccttttataatttccgacatgttggcaaaaatggaaagtctgccaacaatatatttgtctctattcctagcaaaaaatgtggcaagacaatgattttcaatgttgcagctgagaatgtggattcggagaacgatgatgcattgaaaatttgtgttgaagaagcagagagcaagtatggttttgggaaattgtttgtgaagatcaacagctcatcctgcagtgcagtcaaggttgagaattttcgaaaagaaggacttgctaagccaaaaattaagggaattgctgaagcgggatgggattttttcggggcaaaggaggtcggatttcgtgaagggaataagccggctagtgtttcgtattggtttggattcatttctggtggagttgttatggcagtgccatcatcagctgatcgggagggtgcttattcagtgattgttacagttcct	1137	MAISSGVTTLLPKAHIESVQTITPFKITDPRPTLAVSAADPISLGIFQNCLHILLYYTKATQEDSSWLHAGWIKESLSRALVEQPLFAGRFRVNDSGELEVVANDSGIRLIEARTPMTMAEFLSYKSSREDAEDELVFWKTIDEHSPQYSPLFYVQVLISCFLLFWDILNHFSPFYFFLSQVTYFQCGGSSLGISCSVLLADLLFKENFLKKWANIHHNLLSDKSLTVTPFYNFRHVGKNGKSANNIFVSIPSKKCGKTMIFNVAAENVDSENDDALKICVEEAESKYGFGKLFVKINSSSCSAVKVENFRKEGLAKPKIKGIAEAGWDFFGAKEVGFREGNKPASVSYWFGFISGGVVMAVPSSADREGAYSVIVTVP	379	atgcagaagatgaacttgtgttttggaaaacgattgatgaacatagtcctcagtactctcctctcttttatgttcaggtacttatttcttgtttccttcttttttgggatatattga	117	MQKMNLCFGKRLMNIVLSTLLSFMFRYLFLVSFFFGIY*	39	atgggattttttcggggcaaaggaggtcggatttcgtga	39	MGFFRGKGGRIS*	13	atgttcatcaatcgttttccaaaacacaagttcatcttctgcatcctccctgctggacttgtaagacagaaactcagccatggtcatcggagtacgagcttcgatgagtctaatgccgctgtcattggccacaacctccagctctccactatcattcacacgaaatcggccagcaaatag	180	MFINRFPKHKFIFCILPAGLVRQKLSHGHRSTSFDESNAAVIGHNLQLSTIIHTKSASK*	60	atgaatccaaaccaatacgaaacactagccggcttattcccttcacgaaatccgacctcctttgccccgaaaaaatcccatcccgcttcagcaattcccttaatttttggcttagcaagtccttcttttcgaaaattctcaaccttgactgcactgcaggatgagctgttgatcttcacaaacaatttcccaaaaccatacttgctctctgcttcttcaacacaaattttcaatgcatcatcgttctccgaatccacattctcagctgcaacattgaaaatcattgtcttgccacattttttgctaggaatagagacaaatatattgttggcagactttccatttttgccaacatgtcggaaattataa	369	MNPNQYETLAGLFPSRNPTSFAPKKSHPASAIPLIFGLASPSFRKFSTLTALQDELLIFTNNFPKPYLLSASSTQIFNASSFSESTFSAATLKIIVLPHFLLGIETNILLADFPFLPTCRKL*	123	atgcatcatcgttctccgaatccacattctcagctgcaacattga	45	MHHRSPNPHSQLQH*	15	atggcaatttccagtggtgtcaccacgctcctcccaaaagcacacattgaatccgtccagactataacacccttcaagatcaccgatccgcgaccgacacttgccgtgtcggccgcagacccgatcagtttgggaatattccaaaactgcctgcacatccttctctactacacaaaagcaacccaagaggactcaagttggctccatgccggctggatcaaggagtccctttcgagggcgttggtggagcaaccgctatttgctggccgatttcgtgtgaatgatagtggagagctggaggttgtggccaatgacagcggcattagactcatcgaagctcgtactccgatgaccatggctgagtttctgtcttacaagtccagcagggaggatgcagaagatgaacttgtgttttggaaaacgattgatgaacatagtcctcagtactctcctctcttttatgttcaggtacttatttcttgtttccttcttttttgggatatattgaatcacttcagccctttttattttttcctttctcaggtgacatattttcagtgtggagggagttcactaggaattagctgcagtgttcttctagcagatcttttgttcaaagaaaattttctcaagaaatgggctaatatccaccacaatctgctttcagacaagagcctaactgtgacacccttttataatttccgacatgttggcaaaaatggaaagtctgccaacaatatatttgtctctattcctagcaaaaaatgtggcaagacaatgattttcaatgttgcagctgagaatgtggattcggagaacgatgatgcattgaaaatttgtgttgaagaagcagagagcaagtatggttttgggaaattgtttgtgaagatcaacagctcatcctgcagtgcagtcaaggttgagaattttcgaaaagaaggacttgctaagccaaaaattaagggaattgctgaagcgggatgggattttttcggggcaaaggaggtcggatttcgtgaagggaataagccggctagtgtttcgtattggtttggattcatttctggtggagttgttatggcagtgccatcatcagctgatcgggagggtgcttattcagtgattgttacagttcct	1137	MAISSGVTTLLPKAHIESVQTITPFKITDPRPTLAVSAADPISLGIFQNCLHILLYYTKATQEDSSWLHAGWIKESLSRALVEQPLFAGRFRVNDSGELEVVANDSGIRLIEARTPMTMAEFLSYKSSREDAEDELVFWKTIDEHSPQYSPLFYVQVLISCFLLFWDILNHFSPFYFFLSQVTYFQCGGSSLGISCSVLLADLLFKENFLKKWANIHHNLLSDKSLTVTPFYNFRHVGKNGKSANNIFVSIPSKKCGKTMIFNVAAENVDSENDDALKICVEEAESKYGFGKLFVKINSSSCSAVKVENFRKEGLAKPKIKGIAEAGWDFFGAKEVGFREGNKPASVSYWFGFISGGVVMAVPSSADREGAYSVIVTVP	379
tblastn#query#caffeoyl#fvesca_scaffolds.out	tblastn	query	caffeoyl	fvesca_scaffolds	sly:101247305	3e-24	52.94	94	0	sly:101247305	scf0513154	scf0513154	0	0	scf0513154	scf0513154	7	40	461099	461200	46.2	108	34	18	16	28	0	0	82.35	0/2	0	2	NKMLQE1EQIV2TKKEFI8NDHN1QRIR1KR1CS1FL2VI1	N/A	N/A	N/A	N/A	N/A	scf0513154	scf0513154	N/A	8	NMQVEIISTKFIKPSSPTPNHLQIYKLCFFDQVT	KLEVQVISKEIIKPSSPTPDNLRRYRLSFLDQIT	sly:101247305	448	scf0513154	1669096	3	aagcttgaagtgcaagtaatctccaaggagattatcaaaccctcttctccgacccctgacaatcttcgccgttaccggctttcctttctcgatcaaatcaca	KLEVQVISKEIIKPSSPTPDNLRRYRLSFLDQIT	""	0	""	0	""	0	""	0	""	0	""	0	""	0	""	0	""	0	""	0	""	0	""	0	""	0	""	0
tblastn#query#caffeoyl#fvesca_scaffolds.out	tblastn	query	caffeoyl	fvesca_scaffolds	mdm:103438266	1e-88	79.86	77	0	mdm:103438266	scf0513135	scf0513135	0	0	scf0513135	scf0513135	351	489	1190087	1189671	  235	600	139	111	28	126	0	0	90.65	0/-1	0	-1	2PFIS1VQVLIL2IVVISA2LI10QT8EA2VA11SA20TS1LMMR3FL12EK6DN9KT1FY2FLVL13KEDH2DG2NKHN2	N/A	N/A	N/A	N/A	N/A	scf0513135	scf0513135	N/A	28	SHPILVVIAPIVSFLLPRYQLSAANKQGMPVSRDPEALVAKYSDPLVYTGSIRVRTGYEILRITSYLQQNLTKLMVPFFVLHGTADTVTDPEASQKLYDEASSTDKTIKLFDGFVHDLLFEPEREAITKDIIDWLNHRI	SHFSLQLLAPVIAFLIPRYQLSAANKTGMPVSRDPAALAAKYSDPLVYTGAIRVRTGYEILRITSYLQQNLSKMRVPFLVLHGTADTVTDPKASQKLYNEASSTDKTITLYDGLLHDLLFEPEREAITEHIIGWLKNRI	mdm:103438266	489	scf0513135	2549459	245	tcacatttttctttacagttacttgctccagtcattgcatttttgataccgagatatcaactcagtgcggcaaacaagacaggcatgccagtttctcgggatcctgcagctctggctgccaagtattcagaccctctagtgtacactggagccatccgtgtaaggaccggttatgaaattcttcgaatcacatcctacttgcagcagaatcttagcaagatgagagtcccctttttggttctccatggcacagctgacactgttactgatcctaaagcctcacagaaactgtacaacgaagcctcctcaactgacaaaaccatcacattgtatgatgggttattacatgacctcctctttgaaccagaacgagaagctattacggagcacataataggttggttgaagaatagaata	SHFSLQLLAPVIAFLIPRYQLSAANKTGMPVSRDPAALAAKYSDPLVYTGAIRVRTGYEILRITSYLQQNLSKMRVPFLVLHGTADTVTDPKASQKLYNEASSTDKTITLYDGLLHDLLFEPEREAITEHIIGWLKNRI	atgccagtttctcgggatcctgcagctctggctgccaagtattcagaccctctagtgtacactggagccatccgtgtaaggaccggttatgaaattcttcgaatcacatcctacttgcagcagaatcttagcaagatgagagtcccctttttggttctccatggcacagctgacactgttactgatcctaaagcctcacagaaactgtacaacgaagcctcctcaactgacaaaaccatcacattgtatgatgggttattacatgacctcctctttgaaccagaacgagaagctattacggagcacataataggttggttgaagaatagaata	333	MPVSRDPAALAAKYSDPLVYTGAIRVRTGYEILRITSYLQQNLSKMRVPFLVLHGTADTVTDPKASQKLYNEASSTDKTITLYDGLLHDLLFEPEREAITEHIIGWLKNRI	111	atggcacagctgacactgttactgatcctaaagcctcacagaaactgtacaacgaagcctcctcaactgacaaaaccatcacattgtatgatgggttattacatgacctcctctttgaaccagaacgagaagctattacggagcacataa	150	MAQLTLLLILKPHRNCTTKPPQLTKPSHCMMGYYMTSSLNQNEKLLRST*	50	acatttttctttacagttacttgctccagtcattgcatttttgataccgagatatcaactcagtgcggcaaacaagacaggcatgccagtttctcgggatcctgcagctctggctgccaagtattcagaccctctagtgtacactggagccatccgtgtaaggaccggttatga	174	TFFFTVTCSSHCIFDTEISTQCGKQDRHASFSGSCSSGCQVFRPSSVHWSHPCKDRL*	58	atggagaaccaaaaaggggactctcatcttgctaagattctgctgcaagtaggatgtgattcgaagaatttcataaccggtccttacacggatggctccagtgtacactag	111	MENQKGDSHLAKILLQVGCDSKNFITGPYTDGSSVH*	37	atgtgctccgtaatagcttctcgttctggttcaaagaggaggtcatgtaataacccatcatacaatgtgatggttttgtcagttgaggaggcttcgttgtacagtttctgtgaggctttaggatcagtaacagtgtcagctgtgccatggagaaccaaaaaggggactctcatcttgctaagattctgctgcaagtag	198	MCSVIASRSGSKRRSCNNPSYNVMVLSVEEASLYSFCEALGSVTVSAVPWRTKKGTLILLRFCCK*	66	ttctattcttcaaccaacctattatgtgctccgtaa	36	FYSSTNLLCAP*	12	atgccagtttctcgggatcctgcagctctggctgccaagtattcagaccctctagtgtacactggagccatccgtgtaaggaccggttatgaaattcttcgaatcacatcctacttgcagcagaatcttagcaagatgagagtcccctttttggttctccatggcacagctgacactgttactgatcctaaagcctcacagaaactgtacaacgaagcctcctcaactgacaaaaccatcacattgtatgatgggttattacatgacctcctctttgaaccagaacgagaagctattacggagcacataataggttggttgaagaatagaata	333	MPVSRDPAALAAKYSDPLVYTGAIRVRTGYEILRITSYLQQNLSKMRVPFLVLHGTADTVTDPKASQKLYNEASSTDKTITLYDGLLHDLLFEPEREAITEHIIGWLKNRI	111
tblastn#query#caffeoyl#fvesca_scaffolds.out	tblastn	query	caffeoyl	fvesca_scaffolds	sot:102590849	5e-69	87.22	33	0	sot:102590849	scf0513134	scf0513134	0	0	scf0513134	scf0513134	260	392	1943846	1943448	  243	620	133	116	17	126	0	0	94.74	0/-1	0	-1	4ILFI5RKYF4SAHN26LI5HY6YAYH6SF5LF4ST10QH3NK36HE1KR1	N/A	N/A	N/A	N/A	N/A	scf0513134	scf0513134	N/A	33	AVAPIFSLVAPRYQFKGSHKRGIPVSRDPAALVAKYSDPLVYTGPLRVRTGHEILRISYYLMRNFKSVTVPFLVLHGSADRVTDPLASQDLYNEAASEFKDIKLYDGFLHDLLFEPEREEIAQDIIDWMHKKL	AVAPLISLVAPKFQFKGANKRGIPVSRDPAALVAKYSDPLVYTGPIRVRTGYEILRISAHLMRNFKFVTVPFFVLHGTADRVTDPLASHDLYKEAASEFKDIKLYDGFLHDLLFEPEREEIAQDIIDWMEKRL	sot:102590849	404	scf0513134	2778551	14	gctgtggctccacttatttctctggtcgctcccaagttccagtttaaaggtgcaaacaaaaggggaattccagtatcaagagatcctgcagcactggtggccaagtactccgatcccctggtctatacagggccaataagggtcagaacaggctacgagatattgcgtatctctgctcacttgatgcgaaactttaagtttgtgactgtacccttctttgttcttcatgggactgctgatagagtgacggatcctcttgcctcccatgatctgtataaagaggcagcgtccgagttcaaagacatcaagctctatgatggattcttgcacgacctcctctttgagcctgaacgtgaagagatcgcgcaggatataatcgattggatggagaagcgatta	AVAPLISLVAPKFQFKGANKRGIPVSRDPAALVAKYSDPLVYTGPIRVRTGYEILRISAHLMRNFKFVTVPFFVLHGTADRVTDPLASHDLYKEAASEFKDIKLYDGFLHDLLFEPEREEIAQDIIDWMEKRL	atgcgaaactttaagtttgtgactgtacccttctttgttcttcatgggactgctgatagagtgacggatcctcttgcctcccatgatctgtataaagaggcagcgtccgagttcaaagacatcaagctctatgatggattcttgcacgacctcctctttgagcctgaacgtgaagagatcgcgcaggatataatcgattggatggagaagcgatta	216	MRNFKFVTVPFFVLHGTADRVTDPLASHDLYKEAASEFKDIKLYDGFLHDLLFEPEREEIAQDIIDWMEKRL	72	atgatctgtataaagaggcagcgtccgagttcaaagacatcaagctctatgatggattcttgcacgacctcctctttgagcctgaacgtgaagagatcgcgcaggatataa	111	MICIKRQRPSSKTSSSMMDSCTTSSLSLNVKRSRRI*	37	tgtggctccacttatttctctggtcgctcccaagttccagtttaa	45	CGSTYFSGRSQVPV*	15	atgggaggcaagaggatccgtcactctatcagcagtcccatgaagaacaaagaagggtacagtcacaaacttaaagtttcgcatcaagtgagcagagatacgcaatatctcgtagcctgttctgacccttattggccctgtatagaccaggggatcggagtacttggccaccagtgctgcaggatctcttga	192	MGGKRIRHSISSPMKNKEGYSHKLKVSHQVSRDTQYLVACSDPYWPCIDQGIGVLGHQCCRIS*	64	atgtctttgaactcggacgctgcctctttatacagatcatgggaggcaagaggatccgtcactctatcagcagtcccatga	81	MSLNSDAASLYRSWEARGSVTLSAVP*	27	atcgcttctccatccaatcgattatatcctgcgcgatctcttcacgttcaggctcaaagaggaggtcgtgcaagaatccatcatagagcttga	93	IASPSNRLYPARSLHVQAQRGGRARIHHRA*	31	atgcgaaactttaagtttgtgactgtacccttctttgttcttcatgggactgctgatagagtgacggatcctcttgcctcccatgatctgtataaagaggcagcgtccgagttcaaagacatcaagctctatgatggattcttgcacgacctcctctttgagcctgaacgtgaagagatcgcgcaggatataatcgattggatggagaagcgatta	216	MRNFKFVTVPFFVLHGTADRVTDPLASHDLYKEAASEFKDIKLYDGFLHDLLFEPEREEIAQDIIDWMEKRL	72
tblastn#query#caffeoyl#fvesca_scaffolds.out	tblastn	query	caffeoyl	fvesca_scaffolds	sita:101781529	1e-20	92.31	25	0	sita:101781529	scf0512970	scf0512970	0	0	scf0512970	scf0512970	208	233	99797	99874	51.2	121	26	24	2	25	0	0	96.15	0/2	0	2	14EP7KQ3	N/A	N/A	N/A	N/A	N/A	scf0512970	scf0512970	N/A	9	SYDFAFVDADKRMYEEYFELLLKLVR	SYDFAFVDADKRMYPEYFELLLQLVR	sita:101781529	295	scf0512970	132336	6	agctatgattttgcatttgttgatgctgacaagagaatgtatccagaatactttgaattattgctccaactcgtaaga	SYDFAFVDADKRMYPEYFELLLQLVR	atgtatccagaatactttgaattattgctccaactcgtaaga	42	MYPEYFELLLQLVR	14	atgattttgcatttgttgatgctgacaagagaatgtatccagaatactttgaattattgctccaactcgtaa	72	MILHLLMLTRECIQNTLNYCSNS*	24	""	0	""	0	""	0	""	0	cttacgagttggagcaataattcaaagtattctggatacattctcttgtcagcatcaacaaatgcaaaatcatag	75	LTSWSNNSKYSGYILLSASTNAKS*	25	""	0	""	0	cttacgagttggagcaataattcaaagtattctggatacattctcttgtcagcatcaacaaatgcaaaatcatag	75	LTSWSNNSKYSGYILLSASTNAKS*	25
tblastn#query#caffeoyl#fvesca_scaffolds.out	tblastn	query	caffeoyl	fvesca_scaffolds	mdm:103448267	5e-60	98.04	77	0	mdm:103448267	scf0512966	scf0512966	0	0	scf0512966	scf0512966	146	247	43701	43396	  211	536	102	100	2	101	0	0	99.02	0/-3	0	-3	4DQKE96	N/A	N/A	N/A	N/A	N/A	scf0512966	scf0512966	N/A	41	LLVEDKKNHGSFDFIFVDADKDNYINYHKRLIDLVKVGGLIGYDNTLWNGSVVAPPDAPLRKYVRYYRDFVLELNKALAADPRIEICMLPVGDGITLCRRIK	LLVEQEKNHGSFDFIFVDADKDNYINYHKRLIDLVKVGGLIGYDNTLWNGSVVAPPDAPLRKYVRYYRDFVLELNKALAADPRIEICMLPVGDGITLCRRIK	mdm:103448267	247	scf0512966	110630	518	ttgttggtggaacaggagaagaaccatggatcgttcgacttcatcttcgttgacgcagacaaggacaactacatcaactaccacaagaggctgatcgacctggtcaaggtcgggggcctgatcggctacgacaacaccctctggaacggctctgtggtggcgccaccggatgctcctctccgcaagtacgtcaggtactacagggactttgtgctcgagctcaacaaggctcttgctgcagaccccagaattgagatttgcatgcttccagttggtgatggcatcactctctgccgtcggattaaa	LLVEQEKNHGSFDFIFVDADKDNYINYHKRLIDLVKVGGLIGYDNTLWNGSVVAPPDAPLRKYVRYYRDFVLELNKALAADPRIEICMLPVGDGITLCRRIK	atgcttccagttggtgatggcatcactctctgccgtcggattaaa	45	MLPVGDGITLCRRIK	15	atggatcgttcgacttcatcttcgttgacgcagacaaggacaactacatcaactaccacaagaggctga	69	MDRSTSSSLTQTRTTTSTTTRG*	23	gttggtggaacaggagaagaaccatggatcgttcgacttcatcttcgttga	51	VGGTGEEPWIVRLHLR*	17	""	0	""	0	atgccatcaccaactggaagcatgcaaatctcaattctggggtctgcagcaagagccttgttgagctcgagcacaaagtccctgtag	87	MPSPTGSMQISILGSAARALLSSSTKSL*	29	""	0	""	0	atgccatcaccaactggaagcatgcaaatctcaattctggggtctgcagcaagagccttgttgagctcgagcacaaagtccctgtag	87	MPSPTGSMQISILGSAARALLSSSTKSL*	29
tblastn#query#caffeoyl#fvesca_scaffolds.out	tblastn	query	caffeoyl	fvesca_scaffolds	fve:101297250	1e-56	98.98	80	0	fve:101297250	scf0513187	scf0513187	0	0	scf0513187	scf0513187	140	237	1322567	1322274	  201	510	98	97	1	97	0	0	98.98	0/-1	0	-1	NQ97	N/A	N/A	N/A	N/A	N/A	scf0513187	scf0513187	N/A	41	NGKEEGSFDFVFVDADKDNYINYHELLLKLVKVGGIIAYDNTLWFGTVAEPDEEKVEKPLRPGRSHVIELNKFLAGDSRVELAFVSIGDGLSLCRRLY	QGKEEGSFDFVFVDADKDNYINYHELLLKLVKVGGIIAYDNTLWFGTVAEPDEEKVEKPLRPGRSHVIELNKFLAGDSRVELAFVSIGDGLSLCRRLY	fve:101297250	237	scf0513187	2597453	417	cagggtaaggaggaagggagcttcgactttgtatttgtggatgcagacaaggacaactacatcaattatcacgaactgctactgaagcttgtcaaagttggtgggataatagcttatgataacacactgtggtttggcacggttgcagaaccggatgaggagaaggtagagaaacctttaaggccaggaagaagtcatgtgattgagctcaacaagtttctggctggcgattctcgtgttgaactggcttttgtttccattggagatggtcttagcctatgcaggcgcctctac	QGKEEGSFDFVFVDADKDNYINYHELLLKLVKVGGIIAYDNTLWFGTVAEPDEEKVEKPLRPGRSHVIELNKFLAGDSRVELAFVSIGDGLSLCRRLY	""	0	""	0	atgataacacactgtggtttggcacggttgcagaaccggatgaggagaaggtag	54	MITHCGLARLQNRMRRR*	18	""	0	""	0	""	0	""	0	atggaaacaaaagccagttcaacacgagaatcgccagccagaaacttgttgagctcaatcacatga	66	METKASSTRESPARNLLSSIT*	22	""	0	""	0	atggaaacaaaagccagttcaacacgagaatcgccagccagaaacttgttgagctcaatcacatga	66	METKASSTRESPARNLLSSIT*	22
